sochařem/soch/soch soch 1
sochařích/soch/soch soch 1
sochaře/soch/soch soch 1
sochař/soch/soch soch 1
sochařům/soch/soch soch 1
sochařů/soch/soch soch 1
sochaři/soch/soch soch 1
zubařem/zub/zub zub 1
zubařích/zub/zub zub 1
zubaře/zub/zub zub 1
zubař/zub/zub zub 1
zubařům/zub/zub zub 1
zubařů/zub/zub zub 1
zubaři/zub/zub zub 1
sklářem/skl/skl sklar 0
sklářích/skl/skl sklar 0
skláře/skl/skl sklar 0
sklář/skl/skl sklar 0
sklářům/skl/skl sklar 0
sklářů/skl/skl sklar 0
skláři/skl/skl sklar 0
zahrádkářem/zahradk/zahradk zahrad 0
zahrádkářích/zahradk/zahradk zahrad 0
zahrádkáře/zahradk/zahradk zahrad 0
zahrádkář/zahradk/zahradk zahrad 0
zahrádkářům/zahradk/zahradk zahrad 0
zahrádkářů/zahradk/zahradk zahrad 0
zahrádkáři/zahradk/zahradk zahrad 0
angličtinářem/anglictin/anglictin anglictin 1
angličtinářích/anglictin/anglictin anglictin 1
angličtináře/anglictin/anglictin anglictin 1
angličtinář/anglictin/anglictin anglictin 1
angličtinářům/anglictin/anglictin anglictin 1
angličtinářů/anglictin/anglictin anglictin 1
angličtináři/anglictin/anglictin anglictin 1
funkcionářem/funkc/funkc funkc 1
funkcionářích/funkc/funkc funkc 1
funkcionáře/funkc/funkc funkc 1
funkcionář/funkc/funkc funkc 1
funkcionářům/funkc/funkc funkc 1
funkcionářů/funkc/funkc funkc 1
funkcionáři/funkc/funkc funkc 1
legionářem/leg/leg leg 1
legionářích/leg/leg leg 1
legionáře/leg/leg leg 1
legionář/leg/leg leg 1
legionářům/leg/leg leg 1
legionářů/leg/leg leg 1
legionáři/leg/leg leg 1
žoldnéřem/zold/zold zold 1
žoldnéřích/zold/zold zold 1
žoldnéře/zold/zold zold 1
žoldnéř/zold/zold zold 1
žoldnéřům/zold/zold zold 1
žoldnéřů/zold/zold zold 1
žoldnéři/zold/zold zold 1
odbíjenkářem/odbijen/odbijen odbijen 1
odbíjenkářích/odbijen/odbijen odbijen 1
odbíjenkáře/odbijen/odbijen odbijen 1
odbíjenkář/odbijen/odbijen odbijen 1
odbíjenkářům/odbijen/odbijen odbijen 1
odbíjenkářů/odbijen/odbijen odbijen 1
odbíjenkáři/odbijen/odbijen odbijen 1
házenkářem/hazen/hazen hazen 1
házenkářích/hazen/hazen hazen 1
házenkáře/hazen/hazen hazen 1
házenkář/hazen/hazen hazen 1
házenkářům/hazen/hazen hazen 1
házenkářů/hazen/hazen hazen 1
házenkáři/hazen/hazen hazen 1
šermířem/serm/serm serm 1
šermířích/serm/serm serm 1
šermíře/serm/serm serm 1
šermíř/serm/serm serm 1
šermířům/serm/serm serm 1
šermířů/serm/serm serm 1
šermíři/serm/serm serm 1
bankéřem/bank/bank bank 1
bankéřích/bank/bank bank 1
bankéře/bank/bank bank 1
bankéř/bank/bank bank 1
bankéřům/bank/bank bank 1
bankéřů/bank/bank bank 1
bankéři/bank/bank bank 1
šenkýřem/senk/senk senk 1
šenkýřích/senk/senk senk 1
šenkýře/senk/senk senk 1
šenkýř/senk/senk senk 1
šenkýřům/senk/senk senk 1
šenkýřů/senk/senk senk 1
šenkýři/senk/senk senk 1
kameníka/kamen/kamen kamen 1
kameník/kamen/kamen kam 0
kameníkem/kamen/kamen kam 0
kameníky/kamen/kamen kam 0
kamenících/kamen/kamen kam 0
kameníku/kamen/kamen kam 0
kameníkovi/kamen/kamen kamen 1
kameníkům/kamen/kamen kam 0
kameníci/kamen/kamen kam 0
kameníků/kamen/kamen kam 0
hříšníka/hris/hris hrisn 0
hříšník/hris/hris hrich 0
hříšníkem/hris/hris hris 1
hříšníky/hris/hris hris 1
hříšnících/hris/hris hris 1
hříšníku/hris/hris hris 1
hříšníkovi/hris/hris hrisn 0
hříšníkům/hris/hris hris 1
hříšníci/hris/hris hris 1
hříšníků/hris/hris hris 1
žalářníka/zalar/zalar zalarn 0
žalářník/zalar/zalar zal 0
žalářníkem/zalar/zalar zalar 1
žalářníky/zalar/zalar zalar 1
žalářnících/zalar/zalar zalar 1
žalářníku/zalar/zalar zalar 1
žalářníkovi/zalar/zalar zalarn 0
žalářníkům/zalar/zalar zalar 1
žalářníci/zalar/zalar zalar 1
žalářníků/zalar/zalar zalar 1
lihovarníka/lihovar/lihovar lihovarn 0
lihovarník/lihovar/lihovar lihovarit 0
lihovarníkem/lihovar/lihovar lihovar 1
lihovarníky/lihovar/lihovar lihovar 1
lihovarnících/lihovar/lihovar lihovar 1
lihovarníku/lihovar/lihovar lihovar 1
lihovarníkovi/lihovar/lihovar lihovarn 0
lihovarníkům/lihovar/lihovar lihovar 1
lihovarníci/lihovar/lihovar lihovar 1
lihovarníků/lihovar/lihovar lihovar 1
jeřábníka/jerab/jerab jerabn 0
jeřábník/jerab/jerab jerab 1
jeřábníkem/jerab/jerab jerab 1
jeřábníky/jerab/jerab jerab 1
jeřábnících/jerab/jerab jerab 1
jeřábníku/jerab/jerab jerab 1
jeřábníkovi/jerab/jerab jerabn 0
jeřábníkům/jerab/jerab jerab 1
jeřábníci/jerab/jerab jerab 1
jeřábníků/jerab/jerab jerab 1
plukovníka/pluk/pluk plukovn 0
plukovník/pluk/pluk pluk 1
plukovníkem/pluk/pluk plukov 0
plukovníky/pluk/pluk plukov 0
plukovnících/pluk/pluk plukov 0
plukovníku/pluk/pluk plukov 0
plukovníkovi/pluk/pluk plukovn 0
plukovníkům/pluk/pluk plukov 0
plukovníci/pluk/pluk plukov 0
plukovníků/pluk/pluk plukov 0
alibistou/alib/alib alib 1
alibista/alib/alib alib 1
alibistech/alib/alib alibist 0
alibisty/alib/alib alibist 0
alibistu/alib/alib alibist 0
alibistovi/alib/alib alibist 0
alibistům/alib/alib alibist 0
alibisto/alib/alib alibist 0
alibistů/alib/alib alibist 0
alibisté/alib/alib alibist 0
fotbalistou/fotbal/fotbal fotbal 1
fotbalista/fotbal/fotbal fotbal 1
fotbalistech/fotbal/fotbal fotbalist 0
fotbalisty/fotbal/fotbal fotbalist 0
fotbalistu/fotbal/fotbal fotbalist 0
fotbalistovi/fotbal/fotbal fotbalist 0
fotbalistům/fotbal/fotbal fotbalist 0
fotbalisto/fotbal/fotbal fotbalist 0
fotbalistů/fotbal/fotbal fotbalist 0
fotbalisté/fotbal/fotbal fotbalist 0
propagandistou/propagand/propagand propagand 1
propagandista/propagand/propagand propagand 1
propagandistech/propagand/propagand propagandist 0
propagandisty/propagand/propagand propagandist 0
propagandistu/propagand/propagand propagandist 0
propagandistovi/propagand/propagand propagandist 0
propagandistům/propagand/propagand propagandist 0
propagandisto/propagand/propagand propagandist 0
propagandistů/propagand/propagand propagandist 0
propagandisté/propagand/propagand propagandist 0
tramvajáka/tramvaj/tramvaj tramvaj 1
tramvaják/tramvaj/tramvaj tramvaj 1
tramvajákem/tramvaj/tramvaj tramvaj 1
tramvajácích/tramvaj/tramvaj tramvaj 1
tramvajáky/tramvaj/tramvaj tramvaj 1
tramvajáku/tramvaj/tramvaj tramvaj 1
tramvajákovi/tramvaj/tramvaj tramvaj 1
tramvajákům/tramvaj/tramvaj tramvaj 1
tramvajáků/tramvaj/tramvaj tramvaj 1
tramvajáci/tramvaj/tramvaj tramvaj 1
školáka/skol/skol skol 1
školák/skol/skol skol 1
školákem/skol/skol skol 1
školácích/skol/skol skol 1
školáky/skol/skol skol 1
školáku/skol/skol skol 1
školákovi/skol/skol skol 1
školákům/skol/skol skol 1
školáků/skol/skol skol 1
školáci/skol/skol skol 1
dějepisče/dejepis/dejepis dejepis 1
dějepisců/dejepis/dejepis dejepis 1
dějepiscem/dejepis/dejepis dejepis 1
dějepisce/dejepis/dejepis dejepis 1
dějepisci/dejepis/dejepis dejepisit 0
dějepiscích/dejepis/dejepis dejepisit 0
dějepisec/dejepis/dejepis dejepis 1
dějepiscům/dejepis/dejepis dejepis 1
přírodozpytče/prirodozpyt/prirodozpyt prirodozpyt 1
přírodozpytců/prirodozpyt/prirodozpyt prirodozp 0
přírodozpytcem/prirodozpyt/prirodozpyt prirodozp 0
přírodozpytce/prirodozpyt/prirodozpyt prirodozpyt 1
přírodozpytci/prirodozpyt/prirodozpyt prirodozpyt 1
přírodozpytcích/prirodozpyt/prirodozpyt prirodozpyt 1
přírodozpytec/prirodozpyt/prirodozpyt prirodozp 0
přírodozpytcům/prirodozpyt/prirodozpyt prirodozp 0
metodika/metod/metod metod 1
metodik/metod/metod metod 1
metodikem/metod/metod metod 1
metodicích/metod/metod metod 1
metodiky/metod/metod metod 1
metodiku/metod/metod metod 1
metodikovi/metod/metod metod 1
metodikům/metod/metod metod 1
metodiků/metod/metod metod 1
metodici/metod/metod metod 1
psycholozi/psycho/psych psych 2
psychologů/psycho/psych psych 2
psychology/psycho/psych psych 2
psychologovi/psycho/psych psych 2
psychologové/psycho/psych psych 2
psychologa/psycho/psych psych 2
psychologům/psycho/psych psych 2
psychologem/psycho/psych psych 2
psycholog/psycho/psych psych 2
psycholozích/psycho/psych psych 2
psychologu/psycho/psych psych 2
agronome/agro/agr agr 2
agronomové/agro/agr agr 2
agronoma/agro/agr agr 2
agronom/agro/agr agr 2
agronomech/agro/agr agr 2
agronomem/agro/agr agr 2
agronomy/agro/agr agr 2
agronomu/agro/agr agr 2
agronomovi/agro/agr agr 2
agronomům/agro/agr agr 2
agronomů/agro/agr agr 2
agronomi/agro/agr agr 2
fotografe/foto/fot fot 2
fotografové/foto/fot fot 2
fotografa/foto/fot fot 2
fotograf/foto/fot fot 2
fotografech/foto/fot fot 2
fotografem/foto/fot fot 2
fotografy/foto/fot fot 2
fotografu/foto/fot fot 2
fotografovi/foto/fot fot 2
fotografům/foto/fot fot 2
fotografů/foto/fot fot 2
fotografi/foto/fot fot 2
kaskadére/kaskad/kaskad kaskad 1
kaskadérové/kaskad/kaskad kaskad 1
kaskadéra/kaskad/kaskad kaskad 1
kaskadér/kaskad/kaskad kaskad 1
kaskadérech/kaskad/kaskad kaskad 1
kaskadérem/kaskad/kaskad kaskad 1
kaskadéry/kaskad/kaskad kaskaderit 0
kaskadéru/kaskad/kaskad kaskaderit 0
kaskadérovi/kaskad/kaskad kaskad 1
kaskadérům/kaskad/kaskad kaskad 1
kaskadérů/kaskad/kaskad kaskad 1
kaskadéři/kaskad/kaskad kaskad 1
hoteliére/hotel/hotel hotel 1
hoteliérové/hotel/hotel hotel 1
hoteliéra/hotel/hotel hotel 1
hoteliér/hotel/hotel hotel 1
hoteliérech/hotel/hotel hotel 1
hoteliérem/hotel/hotel hotel 1
hoteliéry/hotel/hotel hotelierit 0
hoteliéru/hotel/hotel hotelierit 0
hoteliérovi/hotel/hotel hotel 1
hoteliérům/hotel/hotel hotel 1
hoteliérů/hotel/hotel hotel 1
hoteliéři/hotel/hotel hotel 1
boxere/box/box box 1
boxerové/box/box box 1
boxera/box/box box 1
boxer/box/box box 1
boxerech/box/box box 1
boxerem/box/box box 1
boxery/box/box boxrat 0
boxeru/box/box boxrat 0
boxerovi/box/box box 1
boxerům/box/box box 1
boxerů/box/box box 1
boxeři/box/box boxer 0
štukatére/stuk/stuk stuk 1
štukatérové/stuk/stuk stuk 1
štukatéra/stuk/stuk stuk 1
štukatér/stuk/stuk stuk 1
štukatérech/stuk/stuk stuk 1
štukatérem/stuk/stuk stuk 1
štukatéry/stuk/stuk stukaterit 0
štukatéru/stuk/stuk stukaterit 0
štukatérovi/stuk/stuk stuk 1
štukatérům/stuk/stuk stuk 1
štukatérů/stuk/stuk stuk 1
štukatéři/stuk/stuk stukat 0
plagiátore/plagiat/plagiat plag 0
plagiátorové/plagiat/plagiat plag 0
plagiátora/plagiat/plagiat plagiat 1
plagiátor/plagiat/plagiat plag 0
plagiátorech/plagiat/plagiat plag 0
plagiátorem/plagiat/plagiat plag 0
plagiátory/plagiat/plagiat plagiatorit 0
plagiátoru/plagiat/plagiat plagiatorit 0
plagiátorovi/plagiat/plagiat plag 0
plagiátorům/plagiat/plagiat plag 0
plagiátorů/plagiat/plagiat plag 0
plagiátoři/plagiat/plagiat plag 0
glosátore/glos/glos glos 1
glosátorové/glos/glos glos 1
glosátora/glos/glos glosat 0
glosátor/glos/glos glos 1
glosátorech/glos/glos glos 1
glosátorem/glos/glos glos 1
glosátory/glos/glos glosatorit 0
glosátoru/glos/glos glosatorit 0
glosátorovi/glos/glos glos 1
glosátorům/glos/glos glos 1
glosátorů/glos/glos glos 1
glosátoři/glos/glos glos 1
američane/americ/americ amer 0
američana/americ/americ americ 1
američan/americ/americ amer 0
američanech/americ/americ americ 1
američanem/americ/americ americ 1
američany/americ/americ americt 0
američanu/americ/americ americt 0
američanovi/americ/americ amer 0
američanům/americ/americ americ 1
američané/americ/americ americ 1
američanů/americ/americ amer 0
američani/americ/americ americt 0
římane/rim/rim rim 1
římana/rim/rim rim 1
říman/rim/rim rim 1
římanech/rim/rim rim 1
římanem/rim/rim rim 1
římany/rim/rim rimt 0
římanu/rim/rim rimt 0
římanovi/rim/rim rim 1
římanům/rim/rim rim 1
římané/rim/rim rim 1
římanů/rim/rim rim 1
římani/rim/rim rimt 0
australane/austral/austral austral 1
australana/austral/austral austral 1
australan/austral/austral austral 1
australanech/austral/austral austral 1
australanem/austral/austral austral 1
australany/austral/austral austr 0
australanu/austral/austral austr 0
australanovi/austral/austral austral 1
australanům/austral/austral austral 1
australané/austral/austral austral 1
australanů/austral/austral austral 1
australani/austral/austral austr 0
slezane/slez/slez slez 1
slezana/slez/slez slez 1
slezan/slez/slez slez 1
slezanech/slez/slez slez 1
slezanem/slez/slez slez 1
slezany/slez/slez slezt 0
slezanu/slez/slez slezt 0
slezanovi/slez/slez slez 1
slezanům/slez/slez slez 1
slezané/slez/slez slez 1
slezanů/slez/slez slez 1
slezani/slez/slez slezt 0
belgičane/belgic/belgic belg 0
belgičana/belgic/belgic belgic 1
belgičan/belgic/belgic belg 0
belgičanech/belgic/belgic belgic 1
belgičanem/belgic/belgic belgic 1
belgičany/belgic/belgic belgict 0
belgičanu/belgic/belgic belgict 0
belgičanovi/belgic/belgic belg 0
belgičanům/belgic/belgic belgic 1
belgičané/belgic/belgic belgic 1
belgičanů/belgic/belgic belg 0
belgičani/belgic/belgic belgict 0
thajče/thaj/thaj thaj 1
thajců/thaj/thaj thaj 1
thajcem/thaj/thaj thaj 1
thajce/thaj/thaj thaj 1
thajci/thaj/thaj that 0
thajcích/thaj/thaj that 0
thajec/thaj/thaj thaj 1
thajcům/thaj/thaj thaj 1
brazilče/brazil/brazil brazil 1
brazilců/brazil/brazil brazil 1
brazilcem/brazil/brazil brazil 1
brazilce/brazil/brazil brazil 1
brazilci/brazil/brazil brazit 0
brazilcích/brazil/brazil brazit 0
brazilec/brazil/brazil brazil 1
brazilcům/brazil/brazil brazil 1
cizinče/cizin/cizin cizin 1
cizinců/cizin/cizin ciz 0
cizincem/cizin/cizin ciz 0
cizince/cizin/cizin ciz 0
cizinci/cizin/cizin cizit 0
cizincích/cizin/cizin cizit 0
cizinec/cizin/cizin ciz 0
cizincům/cizin/cizin ciz 0
poláka/pol/pol pol 1
polák/pol/pol pol 1
polákem/pol/pol pol 1
polácích/pol/pol pol 1
poláky/pol/pol pol 1
poláku/pol/pol pol 1
polákovi/pol/pol pol 1
polákům/pol/pol pol 1
poláků/pol/pol pol 1
poláci/pol/pol pol 1
moraváka/morav/morav morav 1
moravák/morav/morav morav 1
moravákem/morav/morav mor 0
moravácích/morav/morav mor 0
moraváky/morav/morav mor 0
moraváku/morav/morav mor 0
moravákovi/morav/morav morav 1
moravákům/morav/morav mor 0
moraváků/morav/morav mor 0
moraváci/morav/morav mor 0
bulhara/bulh/bulh bulht 0
bulhar/bulh/bulh bulharit 0
bulharem/bulh/bulh bulhar 0
bulhařích/bulh/bulh bulh 1
bulhary/bulh/bulh bulharit 0
bulharu/bulh/bulh bulharit 0
bulharovi/bulh/bulh bulhar 0
bulharům/bulh/bulh bulhar 0
bulharů/bulh/bulh bulhar 0
bulhaři/bulh/bulh bulh 1
turkům/tur/tur tur 1
turkem/tur/tur tur 1
turkovi/tur/tur tur 1
turky/tur/tur tur 1
turci/tur/tur tur 1
turku/tur/tur tur 1
turek/tur/tur tur 1
turcích/tur/tur tur 1
turka/tur/tur tur 1
turků/tur/tur tur 1
budějovičane/budejovic/budejovic budejov 0
budějovičana/budejovic/budejovic budejovic 1
budějovičan/budejovic/budejovic budejov 0
budějovičanech/budejovic/budejovic budejovic 1
budějovičanem/budejovic/budejovic budejovic 1
budějovičany/budejovic/budejovic budejovict 0
budějovičanu/budejovic/budejovic budejovict 0
budějovičanovi/budejovic/budejovic budejov 0
budějovičanům/budejovic/budejovic budejovic 1
budějovičané/budejovic/budejovic budejovic 1
budějovičanů/budejovic/budejovic budejov 0
budějovičani/budejovic/budejovic budejovict 0
pražane/praz/praz praz 1
pražana/praz/praz praz 1
pražan/praz/praz praz 1
pražanech/praz/praz praz 1
pražanem/praz/praz praz 1
pražany/praz/praz prazt 0
pražanu/praz/praz prazt 0
pražanovi/praz/praz praz 1
pražanům/praz/praz praz 1
pražané/praz/praz praz 1
pražanů/praz/praz praz 1
pražani/praz/praz prazt 0
občane/obc/obc ob 0
občana/obc/obc obc 1
občan/obc/obc ob 0
občanech/obc/obc obc 1
občanem/obc/obc obc 1
občany/obc/obc obct 0
občanu/obc/obc obct 0
občanovi/obc/obc ob 0
občanům/obc/obc obc 1
občané/obc/obc obc 1
občanů/obc/obc ob 0
občani/obc/obc obct 0
venkovane/venkov/venkov venkov 1
venkovana/venkov/venkov venkov 1
venkovan/venkov/venkov venkov 1
venkovanech/venkov/venkov venkov 1
venkovanem/venkov/venkov venkov 1
venkovany/venkov/venkov venk 0
venkovanu/venkov/venkov venk 0
venkovanovi/venkov/venkov venkov 1
venkovanům/venkov/venkov venkov 1
venkované/venkov/venkov venkov 1
venkovanů/venkov/venkov venkov 1
venkovani/venkov/venkov venk 0
zálesáka/zales/zales zales 1
zálesák/zales/zales zales 1
zálesákem/zales/zales zales 1
zálesácích/zales/zales zales 1
zálesáky/zales/zales zales 1
zálesáku/zales/zales zales 1
zálesákovi/zales/zales zales 1
zálesákům/zales/zales zales 1
zálesáků/zales/zales zales 1
zálesáci/zales/zales zales 1
vídeňáka/viden/viden viden 1
vídeňák/viden/viden viden 1
vídeňákem/viden/viden viden 1
vídeňácích/viden/viden viden 1
vídeňáky/viden/viden viden 1
vídeňáku/viden/viden viden 1
vídeňákovi/viden/viden viden 1
vídeňákům/viden/viden viden 1
vídeňáků/viden/viden viden 1
vídeňáci/viden/viden viden 1
přemyslovče/premysl/premysl premyslov 0
přemyslovců/premysl/premysl premysl 1
přemyslovcem/premysl/premysl premysl 1
přemyslovce/premysl/premysl premyslov 0
přemyslovci/premysl/premysl premysl 1
přemyslovcích/premysl/premysl premysl 1
přemyslovec/premysl/premysl premysl 1
přemyslovcům/premysl/premysl premysl 1
májovče/maj/maj majov 0
májovců/maj/maj maj 1
májovcem/maj/maj maj 1
májovce/maj/maj majov 0
májovci/maj/maj maj 1
májovcích/maj/maj maj 1
májovec/maj/maj maj 1
májovcům/maj/maj maj 1
kriminálníka/kriminal/kriminal kriminaln 0
kriminálník/kriminal/kriminal krimin 0
kriminálníkem/kriminal/kriminal kriminal 1
kriminálnících/kriminal/kriminal kriminal 1
kriminálníky/kriminal/kriminal kriminal 1
kriminálníku/kriminal/kriminal kriminal 1
kriminálníkovi/kriminal/kriminal kriminaln 0
kriminálníkům/kriminal/kriminal kriminal 1
kriminálníků/kriminal/kriminal kriminal 1
kriminálníci/kriminal/kriminal kriminal 1
vrstevníka/vrstev/vrstev vrstevn 0
vrstevník/vrstev/vrstev vrstev 1
vrstevníkem/vrstev/vrstev vrstev 1
vrstevnících/vrstev/vrstev vrstev 1
vrstevníky/vrstev/vrstev vrstev 1
vrstevníku/vrstev/vrstev vrstev 1
vrstevníkovi/vrstev/vrstev vrstevn 0
vrstevníkům/vrstev/vrstev vrstev 1
vrstevníků/vrstev/vrstev vrstev 1
vrstevníci/vrstev/vrstev vrstev 1
straníka/stran/stran stran 1
straník/stran/stran stran 1
straníkem/stran/stran stran 1
stranících/stran/stran stran 1
straníky/stran/stran stran 1
straníku/stran/stran stran 1
straníkovi/stran/stran stran 1
straníkům/stran/stran stran 1
straníků/stran/stran stran 1
straníci/stran/stran stran 1
křižovníka/kriz/kriz krizovn 0
křižovník/kriz/kriz kriz 1
křižovníkem/kriz/kriz krizov 0
křižovnících/kriz/kriz krizov 0
křižovníky/kriz/kriz krizov 0
křižovníku/kriz/kriz krizov 0
křižovníkovi/kriz/kriz krizovn 0
křižovníkům/kriz/kriz krizov 0
křižovníků/kriz/kriz krizov 0
křižovníci/kriz/kriz krizov 0
odboráře/odbor/odbor odbor 1
odborář/odbor/odbor odbor 1
odborářem/odbor/odbor odbor 1
odborářích/odbor/odbor odbor 1
odborářům/odbor/odbor odbor 1
odborářů/odbor/odbor odbor 1
odboráři/odbor/odbor odbor 1
vlajkaře/vlajk/vlajk vlajk 1
vlajkař/vlajk/vlajk vlajk 1
vlajkařem/vlajk/vlajk vlajk 1
vlajkařích/vlajk/vlajk vlajk 1
vlajkařům/vlajk/vlajk vlajk 1
vlajkařů/vlajk/vlajk vlajk 1
vlajkaři/vlajk/vlajk vlajk 1
legionáře/leg/leg leg 1
legionář/leg/leg leg 1
legionářem/leg/leg leg 1
legionářích/leg/leg leg 1
legionářům/leg/leg leg 1
legionářů/leg/leg leg 1
legionáři/leg/leg leg 1
milicionáře/milic/milic milic 1
milicionář/milic/milic milic 1
milicionářem/milic/milic milic 1
milicionářích/milic/milic milic 1
milicionářům/milic/milic milic 1
milicionářů/milic/milic milic 1
milicionáři/milic/milic milic 1
pravičáka/pravic/pravic pravic 1
pravičák/pravic/pravic pravic 1
pravičákem/pravic/pravic pravic 1
pravičácích/pravic/pravic pravic 1
pravičáky/pravic/pravic pravic 1
pravičáku/pravic/pravic pravic 1
pravičákovi/pravic/pravic pravic 1
pravičákům/pravic/pravic pravic 1
pravičáků/pravic/pravic pravic 1
pravičáci/pravic/pravic pravic 1
svazáka/svaz/svaz svaz 1
svazák/svaz/svaz svaz 1
svazákem/svaz/svaz svaz 1
svazácích/svaz/svaz svaz 1
svazáky/svaz/svaz svaz 1
svazáku/svaz/svaz svaz 1
svazákovi/svaz/svaz svaz 1
svazákům/svaz/svaz svaz 1
svazáků/svaz/svaz svaz 1
svazáci/svaz/svaz svaz 1
anarchistou/anarch/anarch anarch 1
anarchista/anarch/anarch anarch 1
anarchistech/anarch/anarch anarchist 0
anarchisty/anarch/anarch anarchist 0
anarchistu/anarch/anarch anarchist 0
anarchistovi/anarch/anarch anarchist 0
anarchistům/anarch/anarch anarchist 0
anarchisto/anarch/anarch anarchist 0
anarchistů/anarch/anarch anarchist 0
anarchisté/anarch/anarch anarchist 0
pozitivistou/pozitiv/pozitiv pozitiv 1
pozitivista/pozitiv/pozitiv pozitiv 1
pozitivistech/pozitiv/pozitiv pozitivist 0
pozitivisty/pozitiv/pozitiv pozitivist 0
pozitivistu/pozitiv/pozitiv pozitivist 0
pozitivistovi/pozitiv/pozitiv pozitivist 0
pozitivistům/pozitiv/pozitiv pozitivist 0
pozitivisto/pozitiv/pozitiv pozitivist 0
pozitivistů/pozitiv/pozitiv pozitivist 0
pozitivisté/pozitiv/pozitiv pozitivist 0
husitou/hus/hus hus 1
husita/hus/hus hus 1
husitech/hus/hus husit 0
husity/hus/hus husit 0
husitu/hus/hus husit 0
husitovi/hus/hus husit 0
husitům/hus/hus husit 0
husito/hus/hus husit 0
husitů/hus/hus husit 0
husité/hus/hus husit 0
kosmopolitou/kosmopol/kosmopol kosmopol 1
kosmopolita/kosmopol/kosmopol kosmopol 1
kosmopolitech/kosmopol/kosmopol kosmopolit 0
kosmopolity/kosmopol/kosmopol kosmopolit 0
kosmopolitu/kosmopol/kosmopol kosmopolit 0
kosmopolitovi/kosmopol/kosmopol kosmopolit 0
kosmopolitům/kosmopol/kosmopol kosmopolit 0
kosmopolito/kosmopol/kosmopol kosmopolit 0
kosmopolitů/kosmopol/kosmopol kosmopolit 0
kosmopolité/kosmopol/kosmopol kosmopolit 0
republikáne/republik/republik republik 1
republikánové/republik/republik republik 1
republikána/republik/republik republik 1
republikán/republik/republik republik 1
republikánech/republik/republik republik 1
republikánem/republik/republik republik 1
republikány/republik/republik repubt 0
republikánu/republik/republik repubt 0
republikánovi/republik/republik republik 1
republikánům/republik/republik republik 1
republikánů/republik/republik republik 1
republikáni/republik/republik repubt 0
vegetariáne/vegetar/vegetar vegetar 1
vegetariánové/vegetar/vegetar vegetar 1
vegetariána/vegetar/vegetar vegetar 1
vegetarián/vegetar/vegetar vegetar 1
vegetariánech/vegetar/vegetar vegetar 1
vegetariánem/vegetar/vegetar vegetar 1
vegetariány/vegetar/vegetar vegetar 1
vegetariánu/vegetar/vegetar vegetar 1
vegetariánovi/vegetar/vegetar vegetar 1
vegetariánům/vegetar/vegetar vegetar 1
vegetariánů/vegetar/vegetar vegetar 1
vegetariáni/vegetar/vegetar vegetar 1
schodištím/schod/schod schod 1
schodišti/schod/schod schod 1
schodiště/schod/schod schod 1
schodištěm/schod/schod schod 1
schodištích/schod/schod schod 1
schodišť/schod/schod schod 1
doskočištím/doskok/doskok doskoc 0
doskočišti/doskok/doskok doskoc 0
doskočiště/doskok/doskok doskoc 0
doskočištěm/doskok/doskok doskoc 0
doskočištích/doskok/doskok doskoc 0
doskočišť/doskok/doskok doskoc 0
úložištím/uloz/uloz uloz 1
úložišti/uloz/uloz uloz 1
úložiště/uloz/uloz uloz 1
úložištěm/uloz/uloz uloz 1
úložištích/uloz/uloz uloz 1
úložišť/uloz/uloz uloz 1
brankovištím/brank/brank brank 1
brankovišti/brank/brank brank 1
brankoviště/brank/brank brank 1
brankovištěm/brank/brank brank 1
brankovištích/brank/brank brank 1
brankovišť/brank/brank brank 1
koupalištím/koupa/koup koupal 0
koupališti/koupa/koup koupal 0
koupaliště/koupa/koup koupal 0
koupalištěm/koupa/koup koupal 0
koupalištích/koupa/koup koupal 0
koupališť/koupa/koup koupal 0
východiskům/vychod/vychod vychodisit 0
východiskem/vychod/vychod vychodisit 0
východisce/vychod/vychod vychodis 0
východisko/vychod/vychod vychod 1
východisky/vychod/vychod vychodisit 0
východiskách/vychod/vychod vychodisit 0
východisku/vychod/vychod vychodisit 0
východisek/vychod/vychod vychodis 0
východiscích/vychod/vychod vychodisit 0
východiska/vychod/vychod vychodis 0
letoviskům/let/let letovisit 0
letoviskem/let/let letovisit 0
letovisce/let/let letovis 0
letovisko/let/let let 1
letovisky/let/let letovisit 0
letoviskách/let/let letovisit 0
letovisku/let/let letovisit 0
letovisek/let/let letovis 0
letoviscích/let/let letovisit 0
letoviska/let/let letovis 0
střediskům/stred/stred stredisit 0
střediskem/stred/stred stredisit 0
středisce/stred/stred stredis 0
středisko/stred/stred stred 1
středisky/stred/stred stredisit 0
střediskách/stred/stred stredisit 0
středisku/stred/stred stredisit 0
středisek/stred/stred stredis 0
střediscích/stred/stred stredisit 0
střediska/stred/stred stredis 0
tělocvičnami/telocvic/telocvic telocvic 1
tělocvičnou/telocvic/telocvic telocvic 1
tělocvičně/telocvic/telocvic telocvict 0
tělocvično/telocvic/telocvic telocv 0
tělocvičnu/telocvic/telocvic telocvict 0
tělocvičnám/telocvic/telocvic telocvic 1
tělocvičen/telocvic/telocvic telocvict 0
tělocvičny/telocvic/telocvic telocvict 0
tělocvičnách/telocvic/telocvic telocvic 1
tělocvična/telocvic/telocvic telocvic 1
šatnami/sat/sat sat 1
šatnou/sat/sat sat 1
šatně/sat/sat snout 0
šatno/sat/sat sat 1
šatnu/sat/sat snout 0
šatnám/sat/sat sat 1
šaten/sat/sat snout 0
šatny/sat/sat snout 0
šatnách/sat/sat sat 1
šatna/sat/sat sat 1
čekárnami/cek/cek cek 1
čekárnou/cek/cek cek 1
čekárně/cek/cek cekar 0
čekárno/cek/cek cekar 0
čekárnu/cek/cek cekar 0
čekárnám/cek/cek cek 1
čekáren/cek/cek cekar 0
čekárny/cek/cek cekar 0
čekárnách/cek/cek cek 1
čekárna/cek/cek cek 1
králíkárnami/kralik/kralik kralik 1
králíkárnou/kralik/kralik kralik 1
králíkárně/kralik/kralik kralikar 0
králíkárno/kralik/kralik kralikar 0
králíkárnu/kralik/kralik kralikar 0
králíkárnám/kralik/kralik kralik 1
králíkáren/kralik/kralik kralikar 0
králíkárny/kralik/kralik kralikar 0
králíkárnách/kralik/kralik kralik 1
králíkárna/kralik/kralik kralik 1
pracovnami/prac/prac prac 1
pracovnou/prac/prac prac 1
pracovně/prac/prac prac 1
pracovno/prac/prac pracov 0
pracovnu/prac/prac prac 1
pracovnám/prac/prac prac 1
pracoven/prac/prac prac 1
pracovny/prac/prac prac 1
pracovnách/prac/prac prac 1
pracovna/prac/prac prac 1
klubovnami/klub/klub klub 1
klubovnou/klub/klub klub 1
klubovně/klub/klub klub 1
klubovno/klub/klub klubov 0
klubovnu/klub/klub klub 1
klubovnám/klub/klub klub 1
kluboven/klub/klub klub 1
klubovny/klub/klub klub 1
klubovnách/klub/klub klub 1
klubovna/klub/klub klub 1
provozovnami/provoz/provoz provoz 1
provozovnou/provoz/provoz provoz 1
provozovně/provoz/provoz provoz 1
provozovno/provoz/provoz provozov 0
provozovnu/provoz/provoz provoz 1
provozovnám/provoz/provoz provoz 1
provozoven/provoz/provoz provoz 1
provozovny/provoz/provoz provoz 1
provozovnách/provoz/provoz provoz 1
provozovna/provoz/provoz provoz 1
čajovnami/caj/caj caj 1
čajovnou/caj/caj caj 1
čajovně/caj/caj caj 1
čajovno/caj/caj cajov 0
čajovnu/caj/caj caj 1
čajovnám/caj/caj caj 1
čajoven/caj/caj caj 1
čajovny/caj/caj caj 1
čajovnách/caj/caj caj 1
čajovna/caj/caj caj 1
pražírnami/praz/praz praz 1
pražírnou/praz/praz praz 1
pražírně/praz/praz prazir 0
pražírno/praz/praz prazir 0
pražírnu/praz/praz prazir 0
pražírnám/praz/praz praz 1
pražíren/praz/praz prazir 0
pražírny/praz/praz prazir 0
pražírnách/praz/praz praz 1
pražírna/praz/praz praz 1
strojírnami/stroj/stroj stroj 1
strojírnou/stroj/stroj stroj 1
strojírně/stroj/stroj strojir 0
strojírno/stroj/stroj strojir 0
strojírnu/stroj/stroj strojir 0
strojírnám/stroj/stroj stroj 1
strojíren/stroj/stroj strojir 0
strojírny/stroj/stroj strojir 0
strojírnách/stroj/stroj stroj 1
strojírna/stroj/stroj stroj 1
palírnami/pal/pal pal 1
palírnou/pal/pal pal 1
palírně/pal/pal palir 0
palírno/pal/pal palir 0
palírnu/pal/pal palir 0
palírnám/pal/pal pal 1
palíren/pal/pal palir 0
palírny/pal/pal palir 0
palírnách/pal/pal pal 1
palírna/pal/pal pal 1
spořitelnami/spori/spor spor 2
spořitelnou/spori/spor spor 2
spořitelně/spori/spor spor 2
spořitelno/spori/spor sporitel 0
spořitelnu/spori/spor spor 2
spořitelnám/spori/spor spor 2
spořitelen/spori/spor spor 2
spořitelny/spori/spor spor 2
spořitelnách/spori/spor spor 2
spořitelna/spori/spor spor 2
nemocnice/nemoc/nemoc nemoc 1
nemocnicím/nemoc/nemoc nemocnic 0
nemocnic/nemoc/nemoc nemocnic 0
nemocnicích/nemoc/nemoc nemocnout 0
nemocnicí/nemoc/nemoc nemocnic 0
nemocnicemi/nemoc/nemoc nemocnic 0
nemocnici/nemoc/nemoc nemocnout 0
lednice/led/led led 1
lednicím/led/led lednic 0
lednic/led/led lednic 0
lednicích/led/led lednout 0
lednicí/led/led lednic 0
lednicemi/led/led lednic 0
lednici/led/led lednout 0
chudobinců/chudob/chudob chud 0
chudobincem/chudob/chudob chud 0
chudobince/chudob/chudob chudob 1
chudobinci/chudob/chudob chudob 1
chudobincích/chudob/chudob chudob 1
chudobinec/chudob/chudob chud 0
chudobincům/chudob/chudob chud 0
starobinců/star/star star 1
starobincem/star/star star 1
starobince/star/star starob 0
starobinci/star/star starob 0
starobincích/star/star starob 0
starobinec/star/star star 1
starobincům/star/star star 1
hřebčinců/hrebc/hrebc hrebc 1
hřebčincem/hrebc/hrebc hrebc 1
hřebčince/hrebc/hrebc hrebc 1
hřebčinci/hrebc/hrebc hrebk 0
hřebčincích/hrebc/hrebc hrebk 0
hřebčinec/hrebc/hrebc hrebc 1
hřebčincům/hrebc/hrebc hrebc 1
prasečinců/prasec/prasec prasec 1
prasečincem/prasec/prasec prasec 1
prasečince/prasec/prasec prasec 1
prasečinci/prasec/prasec prasek 0
prasečincích/prasec/prasec prasek 0
prasečinec/prasec/prasec prasec 1
prasečincům/prasec/prasec prasec 1
hřebčíne/hrebc/hrebc hrebc 1
hřebčín/hrebc/hrebc hrebc 1
hřebčínech/hrebc/hrebc hrebc 1
hřebčínem/hrebc/hrebc hrebc 1
hřebčíny/hrebc/hrebc hreb 0
hřebčínu/hrebc/hrebc hreb 0
hřebčínům/hrebc/hrebc hrebc 1
hřebčíně/hrebc/hrebc hreb 0
hřebčínů/hrebc/hrebc hrebc 1
vepříne/vepr/vepr vepr 1
vepřín/vepr/vepr vepr 1
vepřínech/vepr/vepr vepr 1
vepřínem/vepr/vepr vepr 1
vepříny/vepr/vepr vepr 1
vepřínu/vepr/vepr vepr 1
vepřínům/vepr/vepr vepr 1
vepříně/vepr/vepr vepr 1
vepřínů/vepr/vepr vepr 1
smrčinou/smrk/smrk smrcinout 0
smrčin/smrk/smrk smrcin 0
smrčina/smrk/smrk smrcinout 0
smrčinám/smrk/smrk smrcinat 0
smrčiny/smrk/smrk smrcin 0
smrčinu/smrk/smrk smrcinout 0
smrčinami/smrk/smrk smrcinam 0
smrčině/smrk/smrk smrcinet 0
smrčinách/smrk/smrk smrcinach 0
smrčino/smrk/smrk smrcin 0
krajinou/kraj/kraj kraj 1
krajin/kraj/kraj krat 0
krajina/kraj/kraj kraj 1
krajinám/kraj/kraj kraj 1
krajiny/kraj/kraj kraj 1
krajinu/kraj/kraj krat 0
krajinami/kraj/kraj kraj 1
krajině/kraj/kraj krat 0
krajinách/kraj/kraj kraj 1
krajino/kraj/kraj kraj 1
vysočinou/vysoc/vysoc vysoc 1
vysočin/vysoc/vysoc vysok 0
vysočina/vysoc/vysoc vysoc 1
vysočinám/vysoc/vysoc vysoc 1
vysočiny/vysoc/vysoc vysoc 1
vysočinu/vysoc/vysoc vysoc 1
vysočinami/vysoc/vysoc vysoc 1
vysočině/vysoc/vysoc vysoc 1
vysočinách/vysoc/vysoc vysoc 1
vysočino/vysoc/vysoc vysoc 1
úžinou/uz/uz uz 1
úžin/uz/uz uzat 0
úžina/uz/uz uz 1
úžinám/uz/uz uz 1
úžiny/uz/uz uz 1
úžinu/uz/uz uz 1
úžinami/uz/uz uz 1
úžině/uz/uz uz 1
úžinách/uz/uz uz 1
úžino/uz/uz uz 1
holubníkům/holub/holub holub 1
holubníkem/holub/holub holub 1
holubníky/holub/holub holub 1
holubníku/holub/holub holub 1
holubník/holub/holub holub 1
holubnících/holub/holub holub 1
holubníků/holub/holub holub 1
divadle/diva/div div 2
divadlům/diva/div div 2
divadly/diva/div div 2
divadlech/diva/div div 2
divadla/diva/div div 2
divadlem/diva/div div 2
divadlo/diva/div div 2
divadel/diva/div div 2
divadlu/diva/div div 2
bělidle/beli/bel bel 2
bělidlům/beli/bel bel 2
bělidly/beli/bel bel 2
bělidlech/beli/bel bel 2
bělidla/beli/bel bel 2
bělidlem/beli/bel bel 2
bělidlo/beli/bel bel 2
bělidel/beli/bel bel 2
bělidlu/beli/bel bel 2
cukřenkou/cukr/cukr cukr 1
cukřenko/cukr/cukr cukren 0
cukřence/cukr/cukr cukr 1
cukřenkách/cukr/cukr cukrit 0
cukřenky/cukr/cukr cukrit 0
cukřenku/cukr/cukr cukrit 0
cukřenek/cukr/cukr cukren 0
cukřenka/cukr/cukr cukr 1
cukřenkám/cukr/cukr cukr 1
cukřenkami/cukr/cukr cukr 1
peněženkou/penez/penez penez 1
peněženko/penez/penez penezen 0
peněžence/penez/penez penez 1
peněženkách/penez/penez penezit 0
peněženky/penez/penez penezit 0
peněženku/penez/penez penezit 0
peněženek/penez/penez penezen 0
peněženka/penez/penez penez 1
peněženkám/penez/penez penez 1
peněženkami/penez/penez penez 1
květináče/kvetin/kvetin kvetin 1
květináč/kvetin/kvetin kvetin 1
květináčem/kvetin/kvetin kvetin 1
květináčích/kvetin/kvetin kvetin 1
květináčům/kvetin/kvetin kvetin 1
květináči/kvetin/kvetin kvetin 1
květináčů/kvetin/kvetin kvetin 1
herbáře/herb/herb herb 1
herbář/herb/herb herb 1
herbářem/herb/herb herb 1
herbářích/herb/herb herb 1
herbářům/herb/herb herb 1
herbáři/herb/herb herb 1
herbářů/herb/herb herb 1
relikviáře/relikvi/relikv relikv 2
relikviář/relikvi/relikv relikv 2
relikviářem/relikvi/relikv relikv 2
relikviářích/relikvi/relikv relikv 2
relikviářům/relikvi/relikv relikv 2
relikviáři/relikvi/relikv relikv 2
relikviářů/relikvi/relikv relikv 2
laboratoře/labora/labor labor 2
laboratořím/labora/labor labor 2
laboratoř/labora/labor labor 2
laboratořích/labora/labor labor 2
laboratoří/labora/labor labor 2
laboratořemi/labora/labor labor 2
laboratoři/labora/labor labor 2
periferie/perif/perif perif 1
periferiím/perif/perif perifer 0
periferiích/perif/perif perifer 0
periferií/perif/perif perifer 0
periferiemi/perif/perif perifer 0
periferii/perif/perif perifer 0
krematoriím/kremator/kremator kremator 1
krematoria/kremator/kremator kremator 1
krematorium/kremator/kremator kremator 1
krematoriem/kremator/kremator kremator 1
krematoriích/kremator/kremator kremator 1
krematoriu/kremator/kremator kremator 1
krematorií/kremator/kremator kremator 1
krematorii/kremator/kremator kremator 1
srbkou/srb/srb srbkt 0
srbko/srb/srb srbk 0
srbce/srb/srb srbc 0
srbkách/srb/srb srbkach 0
srbky/srb/srb srbk 0
srbku/srb/srb srbkt 0
srbek/srb/srb srbek 0
srbka/srb/srb srbct 0
srbkám/srb/srb srbkat 0
srbkami/srb/srb srbkam 0
vnučkou/vnuc/vnuc vnucct 0
vnučko/vnuc/vnuc vnuc 1
vnučce/vnuc/vnuc vnuc 1
vnučkách/vnuc/vnuc vnuct 0
vnučky/vnuc/vnuc vnuct 0
vnučku/vnuc/vnuc vnuct 0
vnuček/vnuc/vnuc vnuc 1
vnučka/vnuc/vnuc vnuct 0
vnučkám/vnuc/vnuc vnucct 0
vnučkami/vnuc/vnuc vnucct 0
manželkou/manzel/manzel manzel 1
manželko/manzel/manzel manzel 1
manželce/manzel/manzel manzel 1
manželkách/manzel/manzel manzet 0
manželky/manzel/manzel manzet 0
manželku/manzel/manzel manzet 0
manželek/manzel/manzel manzel 1
manželka/manzel/manzel manzel 1
manželkám/manzel/manzel manzel 1
manželkami/manzel/manzel manzel 1
uklízečkou/uklizec/uklizec ukliz 0
uklízečko/uklizec/uklizec ukliz 0
uklízečce/uklizec/uklizec uklizec 1
uklízečkách/uklizec/uklizec uklizect 0
uklízečky/uklizec/uklizec uklizect 0
uklízečku/uklizec/uklizec uklizect 0
uklízeček/uklizec/uklizec ukliz 0
uklízečka/uklizec/uklizec ukliz 0
uklízečkám/uklizec/uklizec ukliz 0
uklízečkami/uklizec/uklizec ukliz 0
hudebnice/hudeb/hudeb hudeb 1
hudebnicím/hudeb/hudeb hudebnic 0
hudebnic/hudeb/hudeb hudebnic 0
hudebnicích/hudeb/hudeb hudebnout 0
hudebnicí/hudeb/hudeb hudebnic 0
hudebnicemi/hudeb/hudeb hudebnic 0
hudebnici/hudeb/hudeb hudebnout 0
uprchlice/uprchl/uprchl uprchl 1
uprchlicím/uprchl/uprchl uprchlic 0
uprchlic/uprchl/uprchl uprchlic 0
uprchlicích/uprchl/uprchl uprcht 0
uprchlicí/uprchl/uprchl uprchlic 0
uprchlicemi/uprchl/uprchl uprchlic 0
uprchlici/uprchl/uprchl uprcht 0
světice/svet/svet svet 1
světicím/svet/svet svetic 0
světic/svet/svet svetic 0
světicích/svet/svet svet 1
světicí/svet/svet svetic 0
světicemi/svet/svet svetic 0
světici/svet/svet svet 1
krasavice/krasav/krasav krasav 1
krasavicím/krasav/krasav krasavic 0
krasavic/krasav/krasav krasavic 0
krasavicích/krasav/krasav krasav 1
krasavicí/krasav/krasav krasavic 0
krasavicemi/krasav/krasav krasavic 0
krasavici/krasav/krasav krasav 1
ministryním/ministr/ministr ministr 1
ministryněmi/ministr/ministr ministr 1
ministryních/ministr/ministr ministr 1
ministryní/ministr/ministr ministr 1
ministryně/ministr/ministr ministr 1
ministryni/ministr/ministr ministr 1
kolegyním/koleg/koleg koleg 1
kolegyněmi/koleg/koleg koleg 1
kolegyních/koleg/koleg koleg 1
kolegyní/koleg/koleg koleg 1
kolegyně/koleg/koleg koleg 1
kolegyni/koleg/koleg koleg 1
umělkyním/umel/umel umel 1
umělkyněmi/umel/umel umel 1
umělkyních/umel/umel umel 1
umělkyní/umel/umel umelk 0
umělkyně/umel/umel umel 1
umělkyni/umel/umel umel 1
žalobkyním/zalob/zalob zalob 1
žalobkyněmi/zalob/zalob zalob 1
žalobkyních/zalob/zalob zalob 1
žalobkyní/zalob/zalob zalobk 0
žalobkyně/zalob/zalob zalob 1
žalobkyni/zalob/zalob zalob 1
královnami/kral/kral kral 1
královnou/kral/kral kral 1
královně/kral/kral kral 1
královno/kral/kral kralov 0
královnu/kral/kral kral 1
královnám/kral/kral kral 1
královen/kral/kral kral 1
královny/kral/kral kral 1
královnách/kral/kral kral 1
královna/kral/kral kral 1
holubice/holub/holub holub 1
holubicím/holub/holub holubic 0
holubic/holub/holub holubic 0
holubicích/holub/holub holub 1
holubicí/holub/holub holubic 0
holubicemi/holub/holub holubic 0
holubici/holub/holub holub 1
čertice/cert/cert cert 1
čerticím/cert/cert certic 0
čertic/cert/cert certic 0
čerticích/cert/cert cert 1
čerticí/cert/cert certic 0
čerticemi/cert/cert certic 0
čertici/cert/cert cert 1
kněžnami/knez/knez knez 1
kněžnou/knez/knez knez 1
kněžně/knez/knez knezat 0
kněžno/knez/knez knez 1
kněžnu/knez/knez knezat 0
kněžnám/knez/knez knez 1
kněžen/knez/knez knezat 0
kněžny/knez/knez knezat 0
kněžnách/knez/knez knez 1
kněžna/knez/knez knez 1
vlče/vlc/vlc vlct 0
vlčatech/vlc/vlc vlcatech 0
vlčaty/vlc/vlc vlcnout 0
vlčeti/vlc/vlc vlcet 0
vlčetem/vlc/vlc vlcetem 0
vlčatům/vlc/vlc vlcatum 0
vlčata/vlc/vlc vlcnout 0
vlčat/vlc/vlc vlcnout 0
vlčete/vlc/vlc vlct 0
holoubatech/holoub/holoub holoub 1
holoubaty/holoub/holoub holoub 1
holoubětem/holoub/holoub holoubet 0
holoubatům/holoub/holoub holoub 1
holouběte/holoub/holoub holoubet 0
holoubata/holoub/holoub holoub 1
holoubat/holoub/holoub holoub 1
holouběti/holoub/holoub holoubet 0
holoubě/holoub/holoub hol 0
dělnictvo/delnik/delnik delnic 0
dělnictvu/delnik/delnik delnict 0
dělnictvech/delnik/delnik delnic 0
dělnictva/delnik/delnik delnic 0
dělnictvem/delnik/delnik delnic 0
dělnictvům/delnik/delnik delnic 0
dělnictev/delnik/delnik delnict 0
dělnictvy/delnik/delnik delnict 0
obyvatelstvo/obyvatel/obyvatel obyvatel 1
obyvatelstvu/obyvatel/obyvatel obyvatelst 0
obyvatelstvech/obyvatel/obyvatel obyvatel 1
obyvatelstva/obyvatel/obyvatel obyvatels 0
obyvatelstvem/obyvatel/obyvatel obyvatel 1
obyvatelstvům/obyvatel/obyvatel obyvatel 1
obyvatelstev/obyvatel/obyvatel obyvatelst 0
obyvatelstvy/obyvatel/obyvatel obyvatelst 0
živočišstvo/zivocich/zivocich zivocis 0
živočišstvu/zivocich/zivocich zivocisst 0
živočišstvech/zivocich/zivocich zivocis 0
živočišstva/zivocich/zivocich zivociss 0
živočišstvem/zivocich/zivocich zivocis 0
živočišstvům/zivocich/zivocich zivocis 0
živočišstev/zivocich/zivocich zivocisst 0
živočišstvy/zivocich/zivocich zivocisst 0
borůvčí/boruvk/boruvk boruv 0
borůvčím/boruvk/boruvk boruvct 0
borůvčích/boruvk/boruvk boruvct 0
borůvčími/boruvk/boruvk boruv 0
uhlí/uhl/uhl uht 0
uhlím/uhl/uhl uht 0
uhlích/uhl/uhl uht 0
uhlími/uhl/uhl uhl 1
cukroví/cukr/cukr cukr 1
cukrovím/cukr/cukr cukr 1
cukrovích/cukr/cukr cukr 1
cukrovími/cukr/cukr cukr 1
souostroví/ostrov/ostrov souostr 0
souostrovím/ostrov/ostrov souostr 0
souostrovích/ostrov/ostrov souostr 0
souostrovími/ostrov/ostrov souostr 0
křovinou/krov/krov krov 1
křovin/krov/krov krov 1
křovina/krov/krov krov 1
křovinám/krov/krov krov 1
křoviny/krov/krov krov 1
křovinu/krov/krov krov 1
křovinami/krov/krov krov 1
křovině/krov/krov krov 1
křovinách/krov/krov krov 1
křovino/krov/krov krov 1
čeledíne/celed/celed celed 1
čeledínové/celed/celed celed 1
čeledína/celed/celed celed 1
čeledín/celed/celed celed 1
čeledínech/celed/celed celed 1
čeledínem/celed/celed celed 1
čeledíny/celed/celed celed 1
čeledínu/celed/celed celed 1
čeledínovi/celed/celed celed 1
čeledínům/celed/celed celed 1
čeledínů/celed/celed celed 1
čeledíni/celed/celed celed 1
krvinkou/krv/krv krvinct 0
krvinko/krv/krv krvin 0
krvince/krv/krv krvin 0
krvinkách/krv/krv krvin 0
krvinky/krv/krv krvin 0
krvinku/krv/krv krvin 0
krvinek/krv/krv krvin 0
krvinka/krv/krv krvin 0
krvinkám/krv/krv krvinct 0
krvinkami/krv/krv krvinct 0
hříbkům/hrib/hrib hrib 1
hříbkem/hrib/hrib hrib 1
hříbkách/hrib/hrib hrib 1
hříbky/hrib/hrib hrib 1
hříbku/hrib/hrib hrib 1
hříbek/hrib/hrib hrib 1
hříbcích/hrib/hrib hrib 1
hříbků/hrib/hrib hrib 1
samečkům/samec/samec samect 0
samečkem/samec/samec samect 0
samečkovi/samec/samec sam 0
samečky/samec/samec samect 0
samečci/samec/samec samect 0
samečku/samec/samec samect 0
sameček/samec/samec sam 0
samečcích/samec/samec samect 0
samečka/samec/samec sam 0
samečků/samec/samec samect 0
keříkům/ker/ker ker 1
keříkem/ker/ker ker 1
keříky/ker/ker ker 1
keříku/ker/ker ker 1
keřík/ker/ker ker 1
keřících/ker/ker ker 1
keříků/ker/ker ker 1
zuzankou/zuzan/zuzan zuz 0
zuzanko/zuzan/zuzan zuzan 1
zuzance/zuzan/zuzan zuz 0
zuzankách/zuzan/zuzan zuz 0
zuzanky/zuzan/zuzan zuz 0
zuzanku/zuzan/zuzan zuz 0
zuzanek/zuzan/zuzan zuzan 1
zuzanka/zuzan/zuzan zuz 0
zuzankám/zuzan/zuzan zuz 0
zuzankami/zuzan/zuzan zuz 0
ivankou/ivan/ivan iv 0
ivanko/ivan/ivan ivan 1
ivance/ivan/ivan iv 0
ivankách/ivan/ivan iv 0
ivanky/ivan/ivan iv 0
ivanku/ivan/ivan iv 0
ivanek/ivan/ivan ivan 1
ivanka/ivan/ivan iv 0
ivankám/ivan/ivan iv 0
ivankami/ivan/ivan iv 0
prádélkům/pradel/pradel pradet 0
prádélkem/pradel/pradel pradet 0
prádélko/pradel/pradel pradel 1
prádélky/pradel/pradel pradet 0
prádélkách/pradel/pradel pradet 0
prádélku/pradel/pradel pradet 0
prádélek/pradel/pradel pradel 1
prádélka/pradel/pradel pradel 1
želízkům/zeliz/zeliz zelizit 0
želízkem/zeliz/zeliz zelizit 0
želízko/zeliz/zeliz zeliz 1
želízky/zeliz/zeliz zelizit 0
želízkách/zeliz/zeliz zelizit 0
želízku/zeliz/zeliz zelizit 0
želízek/zeliz/zeliz zeliz 1
želízka/zeliz/zeliz zeliz 1
poupátkům/poup/poup poup 1
poupátkem/poup/poup poup 1
poupátko/poup/poup poup 1
poupátky/poup/poup poup 1
poupátkách/poup/poup poup 1
poupátku/poup/poup poup 1
poupátek/poup/poup poupat 0
poupátka/poup/poup poup 1
domečkům/dom/dom domect 0
domečkem/dom/dom domect 0
domečkách/dom/dom domect 0
domečky/dom/dom domect 0
domečku/dom/dom domect 0
domeček/dom/dom dom 1
domečcích/dom/dom domect 0
domečků/dom/dom domect 0
bratříčkům/bratr/bratr bratrict 0
bratříčkem/bratr/bratr bratrict 0
bratříčkovi/bratr/bratr bratr 1
bratříčky/bratr/bratr bratrict 0
bratříčci/bratr/bratr bratrict 0
bratříčku/bratr/bratr bratrict 0
bratříček/bratr/bratr bratr 1
bratříčcích/bratr/bratr bratrict 0
bratříčka/bratr/bratr bratr 1
bratříčků/bratr/bratr bratrict 0
kostelíčkům/kostel/kostel kostelict 0
kostelíčkem/kostel/kostel kostelict 0
kostelíčkách/kostel/kostel kostelict 0
kostelíčky/kostel/kostel kostelict 0
kostelíčku/kostel/kostel kostelict 0
kostelíček/kostel/kostel kostel 1
kostelíčcích/kostel/kostel kostelict 0
kostelíčků/kostel/kostel kostelict 0
chybičkou/chyb/chyb chyb 1
chybičko/chyb/chyb chybic 0
chybičce/chyb/chyb chybic 0
chybičkách/chyb/chyb chybict 0
chybičky/chyb/chyb chybict 0
chybičku/chyb/chyb chybict 0
chybiček/chyb/chyb chybic 0
chybička/chyb/chyb chyb 1
chybičkám/chyb/chyb chyb 1
chybičkami/chyb/chyb chyb 1
slzičkou/slz/slz slzicct 0
slzičko/slz/slz slzic 0
slzičce/slz/slz slzic 0
slzičkách/slz/slz slzict 0
slzičky/slz/slz slzict 0
slzičku/slz/slz slzict 0
slziček/slz/slz slzic 0
slzička/slz/slz slzict 0
slzičkám/slz/slz slzicct 0
slzičkami/slz/slz slzicct 0
blůzičkou/bluz/bluz bluz 1
blůzičko/bluz/bluz bluzic 0
blůzičce/bluz/bluz bluzic 0
blůzičkách/bluz/bluz bluzict 0
blůzičky/bluz/bluz bluzict 0
blůzičku/bluz/bluz bluzict 0
blůziček/bluz/bluz bluzic 0
blůzička/bluz/bluz bluz 1
blůzičkám/bluz/bluz bluz 1
blůzičkami/bluz/bluz bluz 1
kůstečkou/kust/kust kust 1
kůstečko/kust/kust kust 1
kůstečce/kust/kust kustec 0
kůstečkách/kust/kust kustect 0
kůstečky/kust/kust kustect 0
kůstečku/kust/kust kustect 0
kůsteček/kust/kust kust 1
kůstečka/kust/kust kust 1
kůstečkám/kust/kust kust 1
kůstečkami/kust/kust kust 1
nádobíčkům/nadob/nadob nadobict 0
nádobíčkem/nadob/nadob nadobict 0
nádobíčko/nadob/nadob nadob 1
nádobíčky/nadob/nadob nadobict 0
nádobíčkách/nadob/nadob nadobict 0
nádobíčku/nadob/nadob nadobict 0
nádobíček/nadob/nadob nadob 1
nádobíčka/nadob/nadob nadob 1
masíčkům/mas/mas masict 0
masíčkem/mas/mas masict 0
masíčko/mas/mas mas 1
masíčky/mas/mas masict 0
masíčkách/mas/mas masict 0
masíčku/mas/mas masict 0
masíček/mas/mas mas 1
masíčka/mas/mas mas 1
teplíčkům/tepl/tepl teplict 0
teplíčkem/tepl/tepl teplict 0
teplíčko/tepl/tepl tepl 1
teplíčky/tepl/tepl teplict 0
teplíčkách/tepl/tepl teplict 0
teplíčku/tepl/tepl teplict 0
teplíček/tepl/tepl tepl 1
teplíčka/tepl/tepl tepl 1
zrníčkům/zrn/zrn zrnict 0
zrníčkem/zrn/zrn zrnict 0
zrníčko/zrn/zrn zrnict 0
zrníčky/zrn/zrn zrnict 0
zrníčkách/zrn/zrn zrnict 0
zrníčku/zrn/zrn zrnict 0
zrníček/zrn/zrn zrnict 0
zrníčka/zrn/zrn zrnict 0
očičkům/ok/ok ocict 0
očičkem/ok/ok ocict 0
očičko/ok/ok ocic 0
očičky/ok/ok ocict 0
očičkách/ok/ok ocict 0
očičku/ok/ok ocict 0
očiček/ok/ok ocic 0
očička/ok/ok oc 0
městečkům/mest/mest mestect 0
městečkem/mest/mest mestect 0
městečko/mest/mest mest 1
městečky/mest/mest mestect 0
městečkách/mest/mest mestect 0
městečku/mest/mest mestect 0
městeček/mest/mest mest 1
městečka/mest/mest mest 1
zrnéčkům/zrn/zrn zrnect 0
zrnéčkem/zrn/zrn zrnect 0
zrnéčko/zrn/zrn zrnect 0
zrnéčky/zrn/zrn zrnect 0
zrnéčkách/zrn/zrn zrnect 0
zrnéčku/zrn/zrn zrnect 0
zrnéček/zrn/zrn zrnec 0
zrnéčka/zrn/zrn zrnect 0
nosánkům/nos/nos nos 1
nosánkem/nos/nos nos 1
nosánkách/nos/nos nos 1
nosánky/nos/nos nos 1
nosánku/nos/nos nos 1
nosánek/nos/nos nos 1
nosáncích/nos/nos nos 1
nosánků/nos/nos nos 1
tatínkům/tat/tat tat 1
tatínkem/tat/tat tat 1
tatínkovi/tat/tat tat 1
tatínky/tat/tat tat 1
tatínci/tat/tat tat 1
tatínku/tat/tat tat 1
tatínek/tat/tat tat 1
tatíncích/tat/tat tat 1
tatínka/tat/tat tat 1
tatínků/tat/tat tat 1
synáčkům/syn/syn syn 1
synáčkem/syn/syn syn 1
synáčkovi/syn/syn syn 1
synáčky/syn/syn syn 1
synáčci/syn/syn syn 1
synáčku/syn/syn syn 1
synáček/syn/syn syn 1
synáčcích/syn/syn syn 1
synáčka/syn/syn syn 1
synáčků/syn/syn syn 1
dědouškům/ded/ded ded 1
dědouškem/ded/ded ded 1
dědouškovi/ded/ded ded 1
dědoušky/ded/ded ded 1
dědoušci/ded/ded ded 1
dědoušku/ded/ded ded 1
dědoušek/ded/ded ded 1
dědoušcích/ded/ded ded 1
dědouška/ded/ded ded 1
dědoušků/ded/ded ded 1
šavlenkou/savl/savl savl 1
šavlenko/savl/savl savlen 0
šavlence/savl/savl savl 1
šavlenkách/savl/savl savl 1
šavlenky/savl/savl savl 1
šavlenku/savl/savl savl 1
šavlenek/savl/savl savlen 0
šavlenka/savl/savl savl 1
šavlenkám/savl/savl savl 1
šavlenkami/savl/savl savl 1
tetinkou/tet/tet tet 1
tetinko/tet/tet tetin 0
tetince/tet/tet tet 1
tetinkách/tet/tet tet 1
tetinky/tet/tet tet 1
tetinku/tet/tet tet 1
tetinek/tet/tet tetin 0
tetinka/tet/tet tet 1
tetinkám/tet/tet tet 1
tetinkami/tet/tet tet 1
dceruškou/dcer/dcer dcer 1
dceruško/dcer/dcer dcerus 0
dcerušce/dcer/dcer dcerus 0
dceruškách/dcer/dcer dcerus 0
dcerušky/dcer/dcer dcerus 0
dcerušku/dcer/dcer dcerus 0
dcerušek/dcer/dcer dcerus 0
dceruška/dcer/dcer dcer 1
dceruškám/dcer/dcer dcer 1
dceruškami/dcer/dcer dcer 1
maminečkou/mam/mam mamin 0
maminečko/mam/mam mamin 0
maminečce/mam/mam maminec 0
maminečkách/mam/mam maminect 0
maminečky/mam/mam maminect 0
maminečku/mam/mam maminect 0
mamineček/mam/mam mamin 0
maminečka/mam/mam mamin 0
maminečkám/mam/mam mamin 0
maminečkami/mam/mam mamin 0
psiskům/ps/ps psisit 0
psiskem/ps/ps psisit 0
psisko/ps/ps psisit 0
psisky/ps/ps psisit 0
psiskách/ps/ps psisit 0
psisku/ps/ps psisit 0
psisek/ps/ps psis 0
psiska/ps/ps psis 0
čertiskům/cert/cert certisit 0
čertiskem/cert/cert certisit 0
čertisko/cert/cert cert 1
čertisky/cert/cert certisit 0
čertiskách/cert/cert certisit 0
čertisku/cert/cert certisit 0
čertisek/cert/cert certis 0
čertiska/cert/cert certis 0
hadice/had/had had 1
hadicím/had/had hadic 0
hadic/had/had hadic 0
hadicích/had/had had 1
hadicí/had/had hadic 0
hadicemi/had/had hadic 0
hadici/had/had had 1
praporců/prapor/prapor prapor 1
praporcem/prapor/prapor prapor 1
praporce/prapor/prapor prapor 1
praporci/prapor/prapor prap 0
praporcích/prapor/prapor prap 0
praporec/prapor/prapor prapor 1
praporcům/prapor/prapor prapor 1
hrabištím/hrab/hrab hrab 1
hrabišti/hrab/hrab hrab 1
hrabiště/hrab/hrab hrab 1
hrabištěm/hrab/hrab hrab 1
hrabištích/hrab/hrab hrab 1
hrabišť/hrab/hrab hrab 1
pražců/prah/prah praz 0
pražcem/prah/prah praz 0
pražce/prah/prah praz 0
pražci/prah/prah prazat 0
pražcích/prah/prah prazat 0
pražec/prah/prah praz 0
pražcům/prah/prah praz 0
jabloním/jabl/jabl jab 0
jabloně/jabl/jabl jab 0
jabloní/jabl/jabl jabl 1
jabloních/jabl/jabl jab 0
jabloň/jabl/jabl jabl 1
jabloni/jabl/jabl jab 0
jabloněmi/jabl/jabl jabl 1
doručenkou/doruc/doruc doruc 1
doručenko/doruc/doruc dorucen 0
doručence/doruc/doruc doruc 1
doručenkách/doruc/doruc doruct 0
doručenky/doruc/doruc doruct 0
doručenku/doruc/doruc doruct 0
doručenek/doruc/doruc dorucen 0
doručenka/doruc/doruc doruc 1
doručenkám/doruc/doruc doruc 1
doručenkami/doruc/doruc doruc 1
umístěnkou/umist/umist umist 1
umístěnko/umist/umist umisten 0
umístěnce/umist/umist umist 1
umístěnkách/umist/umist umistit 0
umístěnky/umist/umist umistit 0
umístěnku/umist/umist umistit 0
umístěnek/umist/umist umisten 0
umístěnka/umist/umist umist 1
umístěnkám/umist/umist umist 1
umístěnkami/umist/umist umist 1
zbabělče/zbabel/zbabel zbabel 1
zbabělců/zbabel/zbabel zbabel 1
zbabělcem/zbabel/zbabel zbabel 1
zbabělce/zbabel/zbabel zbabel 1
zbabělci/zbabel/zbabel zbabet 0
zbabělcích/zbabel/zbabel zbabet 0
zbabělec/zbabel/zbabel zbabel 1
zbabělcům/zbabel/zbabel zbabel 1
kobylinců/kobyl/kobyl kobyl 1
kobylincem/kobyl/kobyl kobyl 1
kobylince/kobyl/kobyl kobyl 1
kobylinci/kobyl/kobyl kobyt 0
kobylincích/kobyl/kobyl kobyt 0
kobylinec/kobyl/kobyl kobyl 1
kobylincům/kobyl/kobyl kobyl 1
smrtelníka/smrteln/smrteln smrteln 1
smrtelník/smrteln/smrteln smrtet 0
smrtelníkem/smrteln/smrteln smrtel 0
smrtelnících/smrteln/smrteln smrtel 0
smrtelníky/smrteln/smrteln smrtel 0
smrtelníku/smrteln/smrteln smrtel 0
smrtelníkovi/smrteln/smrteln smrteln 1
smrtelníkům/smrteln/smrteln smrtel 0
smrtelníků/smrteln/smrteln smrtel 0
smrtelníci/smrteln/smrteln smrtel 0
makovníkům/makov/makov makov 1
makovníkem/makov/makov makov 1
makovníky/makov/makov makov 1
makovníku/makov/makov makov 1
makovník/makov/makov mak 0
makovnících/makov/makov makov 1
makovníků/makov/makov makov 1
pomerančovníkům/pomerancov/pomerancov pomerancov 1
pomerančovníkem/pomerancov/pomerancov pomerancov 1
pomerančovníky/pomerancov/pomerancov pomerancov 1
pomerančovníku/pomerancov/pomerancov pomerancov 1
pomerančovník/pomerancov/pomerancov pomeranc 0
pomerančovnících/pomerancov/pomerancov pomerancov 1
pomerančovníků/pomerancov/pomerancov pomerancov 1
spacákům/spac/spac spac 1
spacákem/spac/spac spac 1
spacáky/spac/spac spac 1
spacáku/spac/spac spac 1
spacák/spac/spac spac 1
spacácích/spac/spac spac 1
spacáků/spac/spac spac 1
náklaďákům/naklad/naklad naklad 1
náklaďákem/naklad/naklad naklad 1
náklaďáky/naklad/naklad naklad 1
náklaďáku/naklad/naklad naklad 1
náklaďák/naklad/naklad naklad 1
náklaďácích/naklad/naklad naklad 1
náklaďáků/naklad/naklad naklad 1
hrbáče/hrb/hrb hrbact 0
hrbáč/hrb/hrb hrbact 0
hrbáčem/hrb/hrb hrbact 0
hrbáčích/hrb/hrb hrbact 0
hrbáčům/hrb/hrb hrbact 0
hrbáčů/hrb/hrb hrbact 0
hrbáči/hrb/hrb hrbact 0
břicháče/brich/brich brich 1
břicháč/brich/brich brich 1
břicháčem/brich/brich brich 1
břicháčích/brich/brich brich 1
břicháčům/brich/brich brich 1
břicháčů/brich/brich brich 1
břicháči/brich/brich brich 1
svátkům/svat/svat svat 1
svátkem/svat/svat svat 1
svátkách/svat/svat svat 1
svátky/svat/svat svat 1
svátku/svat/svat svat 1
svátek/svat/svat svat 1
svátcích/svat/svat svat 1
svátků/svat/svat svat 1
volňáskům/voln/voln volnasit 0
volňáskem/voln/voln volnasit 0
volňáskách/voln/voln volnasit 0
volňásky/voln/voln volnasit 0
volňásku/voln/voln volnasit 0
volňásek/voln/voln voln 1
volňáscích/voln/voln volnasit 0
volňásků/voln/voln volnasit 0
kliďase/klid/klid klid 1
kliďas/klid/klid klid 1
kliďasem/klid/klid klid 1
kliďasích/klid/klid klid 1
kliďasům/klid/klid klid 1
kliďasů/klid/klid klid 1
kliďasi/klid/klid klid 1
starouše/star/star star 1
starouš/star/star star 1
staroušem/star/star star 1
starouších/star/star star 1
staroušům/star/star star 1
staroušů/star/star star 1
starouši/star/star star 1
hroznýše/hrozn/hrozn hrozn 1
hroznýš/hrozn/hrozn hrozn 1
hroznýšem/hrozn/hrozn hrozn 1
hroznýších/hrozn/hrozn hrozn 1
hroznýšům/hrozn/hrozn hrozn 1
hroznýšů/hrozn/hrozn hrozn 1
hroznýši/hrozn/hrozn hrozn 1
vztekloune/vztek/vztek vztek 1
vzteklounové/vztek/vztek vztek 1
vzteklouna/vztek/vztek vztekl 0
vztekloun/vztek/vztek vztek 1
vzteklounech/vztek/vztek vztekl 0
vzteklounem/vztek/vztek vztekl 0
vzteklouny/vztek/vztek vztek 1
vzteklounu/vztek/vztek vztek 1
vzteklounovi/vztek/vztek vztek 1
vzteklounům/vztek/vztek vztekl 0
vzteklounů/vztek/vztek vztek 1
vzteklouni/vztek/vztek vztek 1
slabocha/slab/slab slab 1
slaboch/slab/slab slab 1
slabochem/slab/slab slab 1
slaboších/slab/slab slabos 0
slabochy/slab/slab slab 1
slabochu/slab/slab slab 1
slabochovi/slab/slab slab 1
slabochům/slab/slab slab 1
slabochů/slab/slab slab 1
slaboši/slab/slab slabos 0
feudále/feud/feud feud 1
feudál/feud/feud feud 1
feudálech/feud/feud feud 1
feudálem/feud/feud feud 1
feudály/feud/feud feud 1
feudálu/feud/feud feud 1
feudálům/feud/feud feud 1
feudálů/feud/feud feud 1
plechovkou/plech/plech plech 1
plechovko/plech/plech plechov 0
plechovce/plech/plech plechov 0
plechovkách/plech/plech plech 1
plechovky/plech/plech plech 1
plechovku/plech/plech plech 1
plechovek/plech/plech plechov 0
plechovka/plech/plech plech 1
plechovkám/plech/plech plech 1
plechovkami/plech/plech plech 1
večernice/vecern/vecern vecer 0
večernicím/vecern/vecern vecernic 0
večernic/vecern/vecern vecernic 0
večernicích/vecern/vecern vecernout 0
večernicí/vecern/vecern vecernic 0
večernicemi/vecern/vecern vecernic 0
večernici/vecern/vecern vecernout 0
brokovnice/brokov/brokov brokov 1
brokovnicím/brokov/brokov brokovnic 0
brokovnic/brokov/brokov brokovnic 0
brokovnicích/brokov/brokov brokovnout 0
brokovnicí/brokov/brokov brokovnic 0
brokovnicemi/brokov/brokov brokovnic 0
brokovnici/brokov/brokov brokovnout 0
angličtinou/anglict/anglict anglic 0
angličtin/anglict/anglict anglict 1
angličtina/anglict/anglict anglic 0
angličtinám/anglict/anglict anglic 0
angličtiny/anglict/anglict anglict 1
angličtinu/anglict/anglict anglict 1
angličtinami/anglict/anglict anglic 0
angličtině/anglict/anglict anglict 1
angličtinách/anglict/anglict anglic 0
angličtino/anglict/anglict anglict 1
chmelovinou/chmelov/chmelov chmel 0
chmelovin/chmelov/chmelov chmelov 1
chmelovina/chmelov/chmelov chmel 0
chmelovinám/chmelov/chmelov chmel 0
chmeloviny/chmelov/chmelov chmelov 1
chmelovinu/chmelov/chmelov chmel 0
chmelovinami/chmelov/chmelov chmel 0
chmelovině/chmelov/chmelov chmel 0
chmelovinách/chmelov/chmelov chmel 0
chmelovino/chmelov/chmelov chmelov 1
slonovinou/slon/slon slon 1
slonovin/slon/slon slonov 0
slonovina/slon/slon slon 1
slonovinám/slon/slon slon 1
slonoviny/slon/slon slonov 0
slonovinu/slon/slon slon 1
slonovinami/slon/slon slon 1
slonovině/slon/slon slon 1
slonovinách/slon/slon slon 1
slonovino/slon/slon slonov 0
bledule/bled/bled bled 1
bledulím/bled/bled bledut 0
bledulích/bled/bled bledut 0
bledulí/bled/bled bledut 0
bledulemi/bled/bled bledut 0
bleduli/bled/bled bledut 0
světluškou/svetl/svetl svetl 1
světluško/svetl/svetl svetlus 0
světlušce/svetl/svetl svetlus 0
světluškách/svetl/svetl svetlus 0
světlušky/svetl/svetl svetlus 0
světlušku/svetl/svetl svetlus 0
světlušek/svetl/svetl svetlus 0
světluška/svetl/svetl svetl 1
světluškám/svetl/svetl svetl 1
světluškami/svetl/svetl svetl 1
rajče/raj/raj raj 1
rajčatech/raj/raj rajct 0
rajčaty/raj/raj rajct 0
rajčeti/raj/raj raj 1
rajčetem/raj/raj raj 1
rajčatům/raj/raj rajct 0
rajčata/raj/raj rajct 0
rajčat/raj/raj rajct 0
rajčete/raj/raj raj 1
ubožátkům/uboh/uboh uboz 0
ubožátkem/uboh/uboh uboz 0
ubožátko/uboh/uboh uboz 0
ubožátky/uboh/uboh uboz 0
ubožátkách/uboh/uboh uboz 0
ubožátku/uboh/uboh uboz 0
ubožátek/uboh/uboh ubozat 0
ubožátka/uboh/uboh uboz 0
drobátkům/drob/drob drob 1
drobátkem/drob/drob drob 1
drobátko/drob/drob drob 1
drobátky/drob/drob drob 1
drobátkách/drob/drob drob 1
drobátku/drob/drob drob 1
drobátek/drob/drob drobat 0
drobátka/drob/drob drob 1
knihkupectví/knihkup/knihkup knihkup 1
knihkupectvím/knihkup/knihkup knihkupectv 0
knihkupectvích/knihkup/knihkup knihkupectv 0
knihkupectvími/knihkup/knihkup knihkupectv 0
pekařství/pekar/pekar pekar 1
pekařstvím/pekar/pekar pekarstv 0
pekařstvích/pekar/pekar pekarstv 0
pekařstvími/pekar/pekar pekarstv 0
nezničitelnost/nezniciteln/nezniciteln neznicitel 0
nezničitelnostech/nezniciteln/nezniciteln neznicitel 0
nezničitelnostem/nezniciteln/nezniciteln neznicitel 0
nezničitelností/nezniciteln/nezniciteln neznicitelnos 0
nezničitelnostmi/nezniciteln/nezniciteln neznicitelnostm 0
nezničitelnosti/nezniciteln/nezniciteln neznicitelnostit 0
sobeckost/sobeck/sobeck sobeck 1
sobeckostech/sobeck/sobeck sobeck 1
sobeckostem/sobeck/sobeck sobeck 1
sobeckostí/sobeck/sobeck sobeckos 0
sobeckostmi/sobeck/sobeck sobeckostm 0
sobeckosti/sobeck/sobeck sobeckostit 0
demokratičnost/demokratic/demokratic demokratic 1
demokratičnostech/demokratic/demokratic demokratic 1
demokratičnostem/demokratic/demokratic demokratic 1
demokratičností/demokratic/demokratic demokraticnos 0
demokratičnostmi/demokratic/demokratic demokraticnostm 0
demokratičnosti/demokratic/demokratic demokraticnostit 0
svěžest/svez/svez svez 1
svěžestech/svez/svez svez 1
svěžestem/svez/svez svez 1
svěžestí/svez/svez svezes 0
svěžestmi/svez/svez svezestm 0
svěžesti/svez/svez svezestit 0
obrozenství/obrozen/obrozen obrozen 1
obrozenstvím/obrozen/obrozen obrozenstv 0
obrozenstvích/obrozen/obrozen obrozenstv 0
obrozenstvími/obrozen/obrozen obrozenstv 0
darebáctví/dareb/dareb dareb 1
darebáctvím/dareb/dareb darebactv 0
darebáctvích/dareb/dareb darebactv 0
darebáctvími/dareb/dareb darebactv 0
smilstvo/smil/smil smil 1
smilstvu/smil/smil smilst 0
smilstvech/smil/smil smil 1
smilstva/smil/smil smils 0
smilstvem/smil/smil smil 1
smilstvům/smil/smil smil 1
smilstev/smil/smil smilst 0
smilstvy/smil/smil smilst 0
kantořinou/kantor/kantor kantor 1
kantořin/kantor/kantor kantor 1
kantořina/kantor/kantor kantor 1
kantořinám/kantor/kantor kantor 1
kantořiny/kantor/kantor kantor 1
kantořinu/kantor/kantor kantorit 0
kantořinami/kantor/kantor kantor 1
kantořině/kantor/kantor kantorit 0
kantořinách/kantor/kantor kantor 1
kantořino/kantor/kantor kantor 1
volovinou/vol/vol vol 1
volovin/vol/vol volov 0
volovina/vol/vol vol 1
volovinám/vol/vol vol 1
voloviny/vol/vol volov 0
volovinu/vol/vol vol 1
volovinami/vol/vol vol 1
volovině/vol/vol vol 1
volovinách/vol/vol vol 1
volovino/vol/vol volov 0
intelektuálštinou/intelektual/intelektual intelektual 1
intelektuálštin/intelektual/intelektual intelektualst 0
intelektuálština/intelektual/intelektual intelektual 1
intelektuálštinám/intelektual/intelektual intelektual 1
intelektuálštiny/intelektual/intelektual intelektualst 0
intelektuálštinu/intelektual/intelektual intelektualst 0
intelektuálštinami/intelektual/intelektual intelektual 1
intelektuálštině/intelektual/intelektual intelektualst 0
intelektuálštinách/intelektual/intelektual intelektual 1
intelektuálštino/intelektual/intelektual intelektualst 0
nahotou/nah/nah nah 1
nahot/nah/nah nah 1
nahota/nah/nah nah 1
nahotám/nah/nah nah 1
nahoty/nah/nah nah 1
nahotu/nah/nah nah 1
nahotami/nah/nah nah 1
nahotě/nah/nah nah 1
nahotách/nah/nah nah 1
nahoto/nah/nah nah 1
chudobou/chud/chud chud 1
chudob/chud/chud chudob 0
chudoba/chud/chud chud 1
chudobám/chud/chud chud 1
chudoby/chud/chud chud 1
chudobu/chud/chud chud 1
chudobami/chud/chud chud 1
chudobě/chud/chud chud 1
chudobách/chud/chud chud 1
chudobo/chud/chud chud 1
hloubkou/hloub/hloub hloub 1
hloubko/hloub/hloub hloub 1
hloubce/hloub/hloub hloub 1
hloubkách/hloub/hloub hloub 1
hloubky/hloub/hloub hloub 1
hloubku/hloub/hloub hloub 1
hloubek/hloub/hloub hloub 1
hloubka/hloub/hloub hloub 1
hloubkám/hloub/hloub hloub 1
hloubkami/hloub/hloub hloub 1
tragičně/tragic/tragic tragict 0
tragičnem/tragic/tragic trag 0
tragično/tragic/tragic trag 0
tragičnu/tragic/tragic tragict 0
tragičen/tragic/tragic tragict 0
tragičny/tragic/tragic tragict 0
tragičnech/tragic/tragic trag 0
tragičnům/tragic/tragic trag 0
tragična/tragic/tragic tragic 1
žádoucně/zadou/zado zadt 0
žádoucnem/zadou/zado zadouc 0
žádoucno/zadou/zado zadouc 0
žádoucnu/zadou/zado zadt 0
žádoucen/zadou/zado zadt 0
žádoucny/zadou/zado zadt 0
žádoucnech/zadou/zado zadouc 0
žádoucnům/zadou/zado zadouc 0
žádoucna/zadou/zado zadouc 0
tragikou/trag/trag trag 1
tragiko/trag/trag trag 1
tragice/trag/trag trag 1
tragikách/trag/trag trag 1
tragiky/trag/trag trag 1
tragiku/trag/trag trag 1
tragik/trag/trag trag 1
tragika/trag/trag trag 1
tragikám/trag/trag trag 1
tragikami/trag/trag trag 1
elegance/eleg/eleg eleg 1
elegancím/eleg/eleg eleganc 0
elegancích/eleg/eleg eleg 1
elegancí/eleg/eleg eleganc 0
elegancemi/eleg/eleg eleganc 0
eleganci/eleg/eleg eleg 1
koherence/koher/koher koher 1
koherencím/koher/koher koherenc 0
koherencích/koher/koher koher 1
koherencí/koher/koher koherenc 0
koherencemi/koher/koher koherenc 0
koherenci/koher/koher koher 1
tyranie/tyran/tyran tyran 1
tyraniím/tyran/tyran tyranout 0
tyraniích/tyran/tyran tyranout 0
tyranií/tyran/tyran tyranout 0
tyraniemi/tyran/tyran tyranout 0
tyranii/tyran/tyran tyranout 0
kandidatury/kandidat/kandidat kandid 0
kandidatur/kandidat/kandidat kandid 0
kandidaturách/kandidat/kandidat kandid 0
kandidatuře/kandidat/kandidat kandidatur 0
kandidaturu/kandidat/kandidat kandid 0
kandidaturou/kandidat/kandidat kandid 0
kandidaturo/kandidat/kandidat kandid 0
kandidatura/kandidat/kandidat kandid 0
kandidaturám/kandidat/kandidat kandid 0
kandidaturami/kandidat/kandidat kandid 0
nositele/nosi/nos nosit 0
nositel/nosi/nos nos 2
nositelem/nosi/nos nosit 0
nositelích/nosi/nos nos 2
nositelům/nosi/nos nosit 0
nositeli/nosi/nos nos 2
nositelů/nosi/nos nos 2
nositelé/nosi/nos nos 2
vychovatele/vych/vych vychovat 0
vychovatel/vych/vych vych 1
vychovatelem/vych/vych vychovat 0
vychovatelích/vych/vych vych 1
vychovatelům/vych/vych vychovat 0
vychovateli/vych/vych vych 1
vychovatelů/vych/vych vych 1
vychovatelé/vych/vych vych 1
žalobcové/zalob/zalob zalobc 0
žalobce/zalob/zalob zalob 1
žalobcem/zalob/zalob zalob 1
žalobcích/zalob/zalob zalob 1
žalobcovi/zalob/zalob zalobc 0
žalobcům/zalob/zalob zalob 1
žalobců/zalob/zalob zalob 1
žalobci/zalob/zalob zalob 1
velitele/vel/vel velit 0
velitel/vel/vel vel 1
velitelem/vel/vel velit 0
velitelích/vel/vel vel 1
velitelům/vel/vel velit 0
veliteli/vel/vel vel 1
velitelů/vel/vel vel 1
velitelé/vel/vel vel 1
nakladače/naklad/naklad naklad 1
nakladač/naklad/naklad nakladact 0
nakladačem/naklad/naklad nakladact 0
nakladačích/naklad/naklad nakladact 0
nakladačům/naklad/naklad nakladact 0
nakladači/naklad/naklad nakladact 0
nakladačů/naklad/naklad nakladact 0
chodče/chod/chod chod 1
chodců/chod/chod chod 1
chodcem/chod/chod chod 1
chodce/chod/chod chod 1
chodci/chod/chod chod 1
chodcích/chod/chod chod 1
chodec/chod/chod chod 1
chodcům/chod/chod chod 1
popravčí/poprav/poprav poprav 1
popravčího/poprav/poprav popravcih 0
popravčímu/poprav/poprav poprav 1
popravčím/poprav/poprav popravct 0
popravčích/poprav/poprav popravct 0
popravčími/poprav/poprav poprav 1
šplhoune/splh/splh splhoun 0
šplhounové/splh/splh splhoun 0
šplhouna/splh/splh splhounout 0
šplhoun/splh/splh splhoun 0
šplhounech/splh/splh splhounech 0
šplhounem/splh/splh splhounem 0
šplhouny/splh/splh splhoun 0
šplhounu/splh/splh splhounout 0
šplhounovi/splh/splh splhoun 0
šplhounům/splh/splh splhounum 0
šplhounů/splh/splh splhoun 0
šplhouni/splh/splh splhounout 0
redaktore/redak/redak redak 1
redaktora/redak/redak redakt 0
redaktor/redak/redak redak 1
redaktorech/redak/redak redak 1
redaktorem/redak/redak redak 1
redaktory/redak/redak redaktorit 0
redaktoru/redak/redak redaktorit 0
redaktorovi/redak/redak redak 1
redaktorům/redak/redak redak 1
redaktorů/redak/redak redak 1
redaktoři/redak/redak redak 1
maturante/matur/matur matur 1
maturanta/matur/matur matur 1
maturant/matur/matur matur 1
maturantech/matur/matur matur 1
maturantem/matur/matur matur 1
maturanty/matur/matur matur 1
maturantu/matur/matur matur 1
maturantovi/matur/matur matur 1
maturantům/matur/matur matur 1
maturantů/matur/matur matur 1
maturanti/matur/matur maturantet 0
producente/produc/produc produc 1
producenta/produc/produc produc 1
producent/produc/produc produc 1
producentech/produc/produc produc 1
producentem/produc/produc produc 1
producenty/produc/produc produc 1
producentu/produc/produc produc 1
producentovi/produc/produc produc 1
producentům/produc/produc produc 1
producentů/produc/produc produc 1
producenti/produc/produc producentet 0
vysílače/vysila/vysil vysil 2
vysílač/vysila/vysil vysilact 0
vysílačem/vysila/vysil vysilact 0
vysílačích/vysila/vysil vysilact 0
vysílačům/vysila/vysil vysilact 0
vysílači/vysila/vysil vysilact 0
vysílačů/vysila/vysil vysilact 0
pohrabáče/pohrab/pohrab pohrab 1
pohrabáč/pohrab/pohrab pohrab 1
pohrabáčem/pohrab/pohrab pohrab 1
pohrabáčích/pohrab/pohrab pohrab 1
pohrabáčům/pohrab/pohrab pohrab 1
pohrabáči/pohrab/pohrab pohrab 1
pohrabáčů/pohrab/pohrab pohrab 1
houpačkou/houpa/houp houp 2
houpačko/houpa/houp houpac 0
houpačce/houpa/houp houpac 0
houpačkách/houpa/houp houpact 0
houpačky/houpa/houp houpact 0
houpačku/houpa/houp houpact 0
houpaček/houpa/houp houpac 0
houpačka/houpa/houp houp 2
houpačkám/houpa/houp houp 2
houpačkami/houpa/houp houp 2
sedadle/seda/sed sed 2
sedadlům/seda/sed sed 2
sedadly/seda/sed sed 2
sedadlech/seda/sed sed 2
sedadla/seda/sed sed 2
sedadlem/seda/sed sed 2
sedadlo/seda/sed sed 2
sedadel/seda/sed sed 2
sedadlu/seda/sed sed 2
ukazovátkům/ukazova/ukazov ukazov 2
ukazovátkem/ukazova/ukazov ukazov 2
ukazovátko/ukazova/ukazov ukazov 2
ukazovátky/ukazova/ukazov ukazov 2
ukazovátkách/ukazova/ukazov ukazov 2
ukazovátku/ukazova/ukazov ukazov 2
ukazovátek/ukazova/ukazov ukazovat 0
ukazovátka/ukazova/ukazov ukazov 2
oběživ/obeh/obeh obeziv 0
oběživa/obeh/obeh obez 0
oběživech/obeh/obeh obez 0
oběživy/obeh/obeh obez 0
oběživem/obeh/obeh obez 0
oběživu/obeh/obeh obez 0
oběživům/obeh/obeh obez 0
oběživě/obeh/obeh obezivt 0
oběživo/obeh/obeh obez 0
paliv/pal/pal paliv 0
paliva/pal/pal p 0
palivech/pal/pal pal 1
palivy/pal/pal p 0
palivem/pal/pal pal 1
palivu/pal/pal p 0
palivům/pal/pal pal 1
palivo/pal/pal pal 1
sedl/sed/sed sedt 0
sedla/sed/sed sedt 0
sedlech/sed/sed sedt 0
sedly/sed/sed sedt 0
sedlem/sed/sed sedt 0
sedlu/sed/sed sedt 0
sedlům/sed/sed sedt 0
sedlo/sed/sed sed 1
anestetikům/anestet/anestet anestet 1
anestetikem/anestet/anestet anestet 1
anestetiky/anestet/anestet anestet 1
anestetikách/anestet/anestet anestet 1
anestetikum/anestet/anestet anestet 1
anestetiku/anestet/anestet anestet 1
anestetik/anestet/anestet anestet 1
anesteticích/anestet/anestet anestet 1
anestetika/anestet/anestet anestet 1
sázení/saze/saz saz 2
sázením/saze/saz sazit 0
sázeních/saze/saz sazit 0
sázeními/saze/saz sazit 0
nucení/nut/nut nuc 0
nucením/nut/nut nuc 0
nuceních/nut/nut nuc 0
nuceními/nut/nut nuc 0
chlazení/chlad/chlad chlaz 0
chlazením/chlad/chlad chlazit 0
chlazeních/chlad/chlad chlazit 0
chlazeními/chlad/chlad chlazit 0
tažení/tah/tah taz 0
tažením/tah/tah tazat 0
taženích/tah/tah tazat 0
taženími/tah/tah tazat 0
sedativ/sedat/sedat sedativ 0
sedativa/sedat/sedat sednout 0
sedativech/sedat/sedat sedat 1
sedativum/sedat/sedat sedat 1
sedativy/sedat/sedat sednout 0
sedativem/sedat/sedat sedat 1
sedativu/sedat/sedat sednout 0
sedativům/sedat/sedat sedat 1
jekote/jek/jek jek 1
jekot/jek/jek jek 1
jekotech/jek/jek jek 1
jekotem/jek/jek jek 1
jekoty/jek/jek jek 1
jekotu/jek/jek jek 1
jekotům/jek/jek jek 1
jekotů/jek/jek jek 1
škytavkou/skyta/skyt skyt 2
škytavko/skyta/skyt skytav 0
škytavce/skyta/skyt skytav 0
škytavkách/skyta/skyt skytnout 0
škytavky/skyta/skyt skytnout 0
škytavku/skyta/skyt skytnout 0
škytavek/skyta/skyt skytav 0
škytavka/skyta/skyt skyt 2
škytavkám/skyta/skyt skyt 2
škytavkami/skyta/skyt skyt 2
tancovačkou/tancova/tancov tancov 2
tancovačko/tancova/tancov tancovac 0
tancovačce/tancova/tancov tancovac 0
tancovačkách/tancova/tancov tancovact 0
tancovačky/tancova/tancov tancovact 0
tancovačku/tancova/tancov tancovact 0
tancovaček/tancova/tancov tancovac 0
tancovačka/tancova/tancov tancov 2
tancovačkám/tancova/tancov tancov 2
tancovačkami/tancova/tancov tancov 2
přestavbu/prestav/prestav prestav 1
přestaveb/prestav/prestav prestav 1
přestavbám/prestav/prestav prestav 1
přestavba/prestav/prestav prestav 1
přestavbo/prestav/prestav prestav 1
přestavbě/prestav/prestav prestav 1
přestavbách/prestav/prestav prestav 1
přestavby/prestav/prestav prestav 1
přestavbou/prestav/prestav prestav 1
přestavbami/prestav/prestav prestav 1
ženitbu/zen/zen zen 1
ženiteb/zen/zen zen 1
ženitbám/zen/zen zen 1
ženitba/zen/zen zen 1
ženitbo/zen/zen zen 1
ženitbě/zen/zen zen 1
ženitbách/zen/zen zen 1
ženitby/zen/zen zen 1
ženitbou/zen/zen zen 1
ženitbami/zen/zen zen 1
mačkanice/macka/mack mack 2
mačkanicím/macka/mack mackanic 0
mačkanic/macka/mack mackanic 0
mačkanicích/macka/mack mackanout 0
mačkanicí/macka/mack mackanic 0
mačkanicemi/macka/mack mackanic 0
mačkanici/macka/mack mackanout 0
chumelenice/chumel/chumel chumel 1
chumelenicím/chumel/chumel chumelenic 0
chumelenic/chumel/chumel chumelenic 0
chumelenicích/chumel/chumel chumel 1
chumelenicí/chumel/chumel chumelenic 0
chumelenicemi/chumel/chumel chumelenic 0
chumelenici/chumel/chumel chumel 1
pastvách/pas/pas pas 1
pastvo/pas/pas past 0
pastvou/pas/pas pas 1
pastvu/pas/pas past 0
pastvám/pas/pas pas 1
pastvě/pas/pas pas 1
pastva/pas/pas pas 1
pastvami/pas/pas pas 1
pastev/pas/pas past 0
pastvy/pas/pas past 0
koncese/konce/konc konc 2
koncesím/konce/konc koncesit 0
koncesích/konce/konc koncesit 0
koncesí/konce/konc koncesit 0
koncesemi/konce/konc koncesit 0
koncesi/konce/konc koncesit 0
reflexe/refle/refl refl 2
reflexím/refle/refl reflex 0
reflexích/refle/refl reflex 0
reflexí/refle/refl reflex 0
reflexemi/refle/refl reflex 0
reflexi/refle/refl reflex 0
kontroverze/kontrover/kontrover kontrover 1
kontroverzím/kontrover/kontrover kontroverzit 0
kontroverzích/kontrover/kontrover kontrov 0
kontroverzí/kontrover/kontrover kontroverzit 0
kontroverzemi/kontrover/kontrover kontroverzit 0
kontroverzi/kontrover/kontrover kontrov 0
inventury/inven/inven inven 1
inventur/inven/inven inven 1
inventurách/inven/inven inven 1
inventuře/inven/inven inventur 0
inventuru/inven/inven inven 1
inventurou/inven/inven inven 1
inventuro/inven/inven inven 1
inventura/inven/inven inven 1
inventurám/inven/inven inven 1
inventurami/inven/inven inven 1
statemente/state/stat stat 2
statement/state/stat stat 2
statementech/state/stat stat 2
statementem/state/stat stat 2
statementy/state/stat stat 2
statementu/state/stat stat 2
statementům/state/stat stat 2
statementů/state/stat stat 2
count: 2314; variant1: 1231; variant2: 122
