pán/páni/pánové/pána/pánů/pánovi/pánům/pány/páne/pánech/pánem
hrad/hradu/hrade/hradem/hrady/hradech/hradům/hradů
muž/muži/muže/mužů/mužům/mužích/mužem
stroj/stroje/strojů/stroji/strojům/strojích/strojem
předseda/předsedové/předsedy/předsedů/předsedovi/předsedům/předsedu/předsedo/předsedech/předsedou
soudce/soudci/soudců/soudcům/soudcích/soudcem
kost/kosti/kostí/kostem/kostech/kostmi
píseň/písně/písni/písněmi/písních/písním
růže/růží/růžím/růžích/růžemi/růži
žena/ženy/žen/ženě/ženám/ženu/ženo/ženách/ženou/ženami
město/města/měst/městu/městům/městě/městech/městem/městy
moře/moří/mořím/moři/mořích/mořem
kuře/kuřata/kuřete/kuřat/kuřeti/kuřatům/kuřatech/kuřetem/kuřaty
stavení/stavením/staveních/staveními
kniha/knize/knihou/knihami/knihy/kniha/knihu
kluk/kluci/klucích/kluků/kluky
hůl/hole/holí
deska/desek/desky/deskách/deskami/deskou
sochař/sochaři/socheřem/sochaře/sochařů/sochařem
jeřábník/jeřábníka/jeřábníkem/jeřábníkovi/jeřábníku/jeřábníci/jeřábníků/jeřábníkům
alibistou/alibista/alibistech/alibisty/alibistu/alibistovi/alibistům/alibisto/alibistů/alibisté
školáka/školák/školákem/školácích/školáky/školáku/školákovi/školákům/školáků/školáci
fotografe/fotografové/fotografa/fotograf/fotografech/fotografem/fotografy/fotografu/fotografovi/fotografům/fotografů/fotografi
američane/američana/američan/američanech/američanem/američany/američanu/američanovi/američanům/američané/američanů/američani
poláka/polák/polákem/polácích/poláky/poláku/polákovi/polákům/poláků/poláci/
pražane/pražana/pražan/pražanech/pražanem/pražany/pražanu/pražanovi/pražanům/pražané/pražanů/pražani
venkovane/venkovana/venkovan/venkovanech/venkovanem/venkovany/venkovanu/venkovanovi/venkovanům/venkované/venkovanů/venkovani
kriminálníka/kriminálník/kriminálníkem/kriminálnících/kriminálníky/kriminálníku/kriminálníkovi/kriminálníkům/kriminálníků/kriminálníci
vrstevníka/vrstevník/vrstevníkem/vrstevnících/vrstevníky/vrstevníku/vrstevníkovi/vrstevníkům/vrstevníků/vrstevníci
odboráře/odborář/odborářem/odborářích/odborářům/odborářů/odboráři
pravičáka/pravičák/pravičákem/pravičácích/pravičáky/pravičáku/pravičákovi/pravičákům/pravičáků/pravičáci
pozitivistou/pozitivista/pozitivistech/pozitivisty/pozitivistu/pozitivistovi/pozitivistům/pozitivisto/pozitivistů/pozitivisté
husitou/husita/husitech/husity/husitu/husitovi/husitům/husito/husitů/husité
schodištím/schodišti/schodiště/schodištěm/schodištích/schodišť/
letoviskům/letoviskem/letovisce/letovisko/letovisky/letoviskách/letovisku/letovisek/letoviscích/letoviska
tělocvičnami/tělocvičnou/tělocvičně/tělocvično/tělocvičnu/tělocvičnám/tělocvičen/tělocvičny/tělocvičnách/tělocvična
pracovnami/pracovnou/pracovně/pracovno/pracovnu/pracovnám/pracoven/pracovny/pracovnách/pracovna
čajovnami/čajovnou/čajovně/čajovno/čajovnu/čajovnám/čajoven/čajovny/čajovnách/čajovna
spořitelnami/spořitelnou/spořitelně/spořitelno/spořitelnu/spořitelnám/spořitelen/spořitelny/spořitelnách/spořitelna
hřebčinců/hřebčincem/hřebčince/hřebčinci/hřebčincích/hřebčinec/hřebčincům
vepříne/vepřín/vepřínech/vepřínem/vepříny/vepřínu/vepřínům/vepříně/vepřínů
úžinou/úžin/úžina/úžinám/úžiny/úžinu/úžinami/úžině/úžinách/úžino
peněženkou/peněženko/peněžence/peněženkách/peněženky/peněženku/peněženek/peněženka/peněženkám/peněženkami
laboratoře/laboratořím/laboratoř/laboratořích/laboratoří/laboratořemi/laboratoři
srbkou/srbko/srbce/srbkách/srbky/srbku/srbek/srbka/srbkám/srbkami
hudebnice/hudebnicím/hudebnic/hudebnicích/hudebnicí/hudebnicemi/hudebnici
ministryním/ministryněmi/ministryních/ministryní/ministryně/ministryni
čertice/čerticím/čertic/čerticích/čerticí/čerticemi/čertici
dělnictvo/dělnictvu/dělnictvech/dělnictva/dělnictvem/dělnictvům/dělnictev/dělnictvy
uhlí/uhlím/uhlích/uhlími
